accommodation_id,name,accommodation_type,gender_preference,latitude,longitude,monthly_rent,wifi,ac,food_mess,laundry,monthly_rent_numeric,dist_mnit_jaipur_jln_marg_km,dist_jagatpura_education_belt_km,dist_vaishali_nagar_tech_corridor_km,distance_to_nearest_hub_km,nearest_hub,total_amenities,rent_normalized,vfm_index,monthly_rent_numeric_scaled,distance_to_nearest_hub_km_scaled,total_amenities_scaled,vfm_index_scaled
JPR0001,Prime Nest,PG,Co-ed,26.826596,75.853734,9800 per month,1,0,1,0,9800.0,4.4,1.28,15.01,1.28,Jagatpura Education Belt,2,0.38125,4.64,0.0655561435750084,-0.5840581865111457,-0.03272099955018445,-0.20175036342560043
JPR0002,Copper Leaf Manor,Hostel,Girls,26.823743,75.856628,"₹10,900/month",1,1,0,1,10900.0,4.79,1.14,15.44,1.14,Jagatpura Education Belt,3,0.45,6.0,0.3662723985062405,-0.6326412115438603,0.785303989204426,0.10710451203176774
JPR0003,Urban Villa,PG,Boys,26.842148,75.813101,INR 6000/month,1,0,0,0,6000.0,0.01,4.64,10.87,0.01,MNIT Jaipur (JLN Marg),1,0.14375,5.16,-0.9732818280056116,-1.0247756278793414,-0.8507459883047949,-0.08365879339778311
JPR0004,Green Valley Retreat,PG,Boys,26.831078,75.810016,INR 6600/month,1,1,1,1,6600.0,1.27,4.26,11.59,1.27,MNIT Jaipur (JLN Marg),4,0.18125,17.3,-0.8092547798613032,-0.5875284025849111,1.6033289779590365,2.6733251684054884
JPR0005,Golden Nest Nest,PG,Girls,26.809852,75.865388,"₹5,100/month",0,0,0,0,5100.0,6.32,1.72,17.1,1.72,Jagatpura Education Belt,0,0.0875,0.0,-1.2193224002220742,-0.4313686792654717,-1.6687709770594055,-1.2554905267507386
JPR0006,Golden Nest Heights,Hostel,Co-ed,26.841447,75.802277,Rs. 9800,1,0,1,1,9800.0,1.07,5.48,10.21,1.07,MNIT Jaipur (JLN Marg),3,0.38125,6.96,0.0655561435750084,-0.6569327240602174,0.785303989204426,0.3251197182369687
JPR0007,Maple Palace,Hostel,Co-ed,26.844354,75.828,"₹8,200/month",1,1,1,0,8200.0,1.51,3.82,11.79,1.51,MNIT Jaipur (JLN Marg),3,0.28125,9.06,-0.3718493181431474,-0.5042432168145434,0.785303989204426,0.8020279818108461
JPR0008,Blue Orchid Manor,PG,Girls,26.849537,75.710989,10100 per month,1,0,1,1,10100.0,10.15,14.24,7.43,7.43,Vaishali Nagar Tech Corridor,3,0.4,6.67,0.14756966764716262,1.5501246988545259,0.785303989204426,0.2592609580291476
JPR0009,Sunshine Nest,PG,Boys,26.83783,75.81305,"₹9,700/month",0,1,1,1,9700.0,0.49,4.36,11.21,0.49,MNIT Jaipur (JLN Marg),3,0.375,7.06,0.038218302217623665,-0.858205256338606,0.785303989204426,0.34782963555001045
JPR0010,Maple Villa,Independent Flat,Girls,26.826318,75.842415,"₹7,900/month",0,1,0,0,7900.0,3.41,1.36,14.18,1.36,Jagatpura Education Belt,1,0.2625,3.2,-0.4538628422153016,-0.5562964579210232,-0.8507459883047949,-0.5287731727334019
JPR0011,Cozy Address,PG,Girls,26.903436,75.731287,Rs. 13200,1,1,1,1,13200.0,10.59,15.24,1.13,1.13,Vaishali Nagar Tech Corridor,4,0.59375,6.21,0.9950427497260895,-0.6361114276176256,1.6033289779590365,0.15479533838915546
JPR0012,Serene Address,Independent Flat,Co-ed,26.889098,75.682881,7800 per month,1,0,1,1,7800.0,13.92,18.42,5.94,5.94,Vaishali Nagar Tech Corridor,3,0.25625,9.8,-0.48120068357268636,1.0330625038634933,0.785303989204426,0.9700813699273553
JPR0013,Green Valley Nest,PG,Boys,26.826519,75.874127,6600,0,0,0,0,6600.0,6.31,2.73,16.63,2.73,Jagatpura Education Belt,0,0.18125,0.0,-0.8092547798613032,-0.0808768558151744,-1.6687709770594055,-1.2554905267507386
JPR0014,Cozy House,Hostel,Girls,26.859267,75.915266,11700,1,0,0,1,11700.0,10.32,8.13,18.66,8.13,Jagatpura Education Belt,2,0.5,3.64,0.5849751293653184,1.7930398240180985,-0.03272099955018445,-0.42884953655601804
JPR0015,Crimson Court,PG,Girls,26.922668,75.743711,INR 10400/month,1,0,1,1,10400.0,11.28,15.85,1.34,1.34,Vaishali Nagar Tech Corridor,3,0.41875,6.4,0.22958319171931682,-0.5632368900685538,0.785303989204426,0.1979441812839349
JPR0016,Elite House,Independent Flat,Co-ed,26.716086,75.811051,"₹11,300/month",1,0,0,1,11300.0,14.02,11.72,23.03,11.72,Jagatpura Education Belt,2,0.475,3.81,0.4756237639357795,3.038847394499848,-0.03272099955018445,-0.390242677123847
JPR0017,Copper Leaf Stay,Hostel,Co-ed,26.930896,75.746149,INR 9400/month,1,1,0,0,9400.0,11.88,16.39,2.27,2.27,Vaishali Nagar Tech Corridor,2,0.35625,4.92,-0.043795221854530546,-0.2405067952083791,-0.03272099955018445,-0.13816259494908342
JPR0018,Maple Address,PG,Co-ed,26.849982,75.846885,Rs. 17400,1,0,1,1,17400.0,3.47,3.81,12.93,3.47,MNIT Jaipur (JLN Marg),3,0.85625,3.31,2.1432320867362487,0.17591913364345932,0.785303989204426,-0.5037922636890559
JPR0019,Cozy Enclave,PG,Girls,26.830104,75.904749,10200,1,0,1,1,10200.0,9.2,5.72,19.0,5.72,Jagatpura Education Belt,3,0.40625,6.58,0.17490750900454735,0.9567177502406561,0.785303989204426,0.23882203244741004
JPR0020,Highland Address,Hostel,Boys,26.82044,75.850615,"₹6,400/month",0,0,0,0,6400.0,4.45,0.53,15.22,0.53,Jagatpura Education Belt,0,0.16875,0.0,-0.8639304625760726,-0.8443243920435447,-1.6687709770594055,-1.2554905267507386
JPR0021,Maple Court,Hostel,Co-ed,26.802591,75.843012,Rs. 6400,0,1,1,0,6400.0,5.32,1.6,16.12,1.6,Jagatpura Education Belt,2,0.16875,9.14,-0.8639304625760726,-0.4730112721506555,-0.03272099955018445,0.8201959156612795
JPR0022,Sunrise Retreat,PG,Girls,26.816044,75.847707,Rs. 13800,1,1,0,1,13800.0,4.51,0.17,15.35,0.17,Jagatpura Education Belt,3,0.63125,4.4,1.1590697978703979,-0.9692521706990963,0.785303989204426,-0.2562541649769005
JPR0023,Silver Oak Palace,PG,Boys,26.89886,75.734472,"₹4,900/month",1,0,1,1,4900.0,10.02,14.67,1.51,1.51,Vaishali Nagar Tech Corridor,3,0.075,24.0,-1.2739980829368438,-0.5042432168145434,0.785303989204426,4.194889628379287
JPR0024,Silver Oak Point,Hostel,Boys,26.831573,75.821566,Rs. 4500,1,0,0,0,4500.0,1.46,3.27,12.3,1.46,MNIT Jaipur (JLN Marg),1,0.05,10.0,-1.3833494483663826,-0.52159429718337,-0.8507459883047949,1.0155012045534386
JPR0025,Silver Oak Retreat,PG,Co-ed,26.85256,75.83014,"₹10,400/month",1,1,0,1,10400.0,2.05,4.51,11.39,2.05,MNIT Jaipur (JLN Marg),3,0.41875,6.4,0.22958319171931682,-0.3168515488312162,0.785303989204426,0.1979441812839349
JPR0026,Highland Retreat,Hostel,Boys,26.915222,75.732929,"₹9,200/month",0,0,0,1,9200.0,11.36,15.99,0.5,0.5,Vaishali Nagar Tech Corridor,1,0.34375,2.54,-0.09847090456930002,-0.8547350402648407,-0.8507459883047949,-0.6786586269994775
JPR0027,Green Valley Manor,PG,Girls,26.796179,75.865686,10500 per month,1,1,1,0,10500.0,7.32,2.72,18.17,2.72,Jagatpura Education Belt,3,0.425,6.32,0.25692103307670155,-0.08434707188893965,0.785303989204426,0.17977624743350148
JPR0028,Golden Nest Residency,Independent Flat,Girls,26.811406,75.843135,INR 13000/month,1,1,1,1,13000.0,4.55,0.79,15.4,0.79,Jagatpura Education Belt,4,0.58125,6.34,0.94036706701132,-0.7540987741256464,1.6033289779590365,0.18431823089610974
JPR0029,Prime House,Independent Flat,Boys,26.853885,75.815107,Rs. 4600,0,0,0,0,4600.0,1.32,5.43,10.12,1.32,MNIT Jaipur (JLN Marg),0,0.05625,0.0,-1.356011607008998,-0.5701773222160844,-1.6687709770594055,-1.2554905267507386
JPR0030,Cozy Manor,Independent Flat,Boys,26.814989,75.845213,Rs. 4600,0,0,0,0,4600.0,4.4,0.43,15.26,0.43,Jagatpura Education Belt,0,0.05625,0.0,-1.356011607008998,-0.8790265527811979,-1.6687709770594055,-1.2554905267507386
JPR0031,Crimson Nest,PG,Co-ed,26.936176,75.741403,5100 per month,0,0,0,0,5100.0,12.63,17.14,2.69,2.69,Vaishali Nagar Tech Corridor,0,0.0875,0.0,-1.2193224002220742,-0.0947577201102357,-1.6687709770594055,-1.2554905267507386
JPR0032,Comfort House,Independent Flat,Co-ed,26.842871,75.819291,18500 per month,1,1,1,0,18500.0,0.63,4.24,11.25,0.63,MNIT Jaipur (JLN Marg),3,0.925,3.08,2.4439483416674808,-0.8096222313058916,0.785303989204426,-0.556025073509052
JPR0033,Amber Palace,PG,Boys,26.937207,75.740277,11700 per month,1,0,1,0,11700.0,12.79,17.3,2.79,2.79,Vaishali Nagar Tech Corridor,2,0.5,3.64,0.5849751293653184,-0.060055559372582466,-0.03272099955018445,-0.42884953655601804
JPR0034,Urban Court,Hostel,Co-ed,26.772904,75.855982,7400,1,1,0,0,7400.0,8.81,4.81,19.5,4.81,Jagatpura Education Belt,2,0.23125,7.11,-0.5905520490022252,0.640928087528012,-0.03272099955018445,0.3591845942065315
JPR0035,Urban Nest,Hostel,Co-ed,26.78928,75.823604,13500,1,1,1,1,13500.0,5.98,3.91,16.16,3.91,Jagatpura Education Belt,4,0.6125,6.04,1.0770562737982436,0.3286086408891334,1.6033289779590365,0.11618847895698446
JPR0036,Copper Leaf Retreat,PG,Girls,26.91727,75.740819,14200,1,1,1,0,14200.0,11.0,15.6,0.68,0.68,Vaishali Nagar Tech Corridor,3,0.65625,4.25,1.268421163299937,-0.7922711509370649,0.785303989204426,-0.29031904094646327
JPR0037,Crimson Homes,Independent Flat,Girls,26.841112,75.806074,"₹13,700/month",0,1,1,1,13700.0,0.7,5.14,10.48,0.7,MNIT Jaipur (JLN Marg),3,0.625,4.44,1.131731956513013,-0.7853307187895342,0.785303989204426,-0.2471701980516838
JPR0038,Golden Nest Address,PG,Co-ed,26.836857,75.806622,Rs. 17900,1,1,1,1,17900.0,0.87,4.85,10.88,0.87,MNIT Jaipur (JLN Marg),4,0.8875,4.27,2.2799212935231723,-0.7263370455355238,1.6033289779590365,-0.285777057483855
JPR0039,Green Valley Villa,Hostel,Girls,26.906688,75.725672,INR 5100/month,1,0,0,0,5100.0,11.24,15.9,1.27,1.27,Vaishali Nagar Tech Corridor,1,0.0875,7.27,-1.2193224002220742,-0.5875284025849111,-0.8507459883047949,0.39552046190739815
JPR0040,Prime Address,Hostel,Boys,26.910916,75.742382,"₹11,700/month",0,1,1,0,11700.0,10.37,14.99,0.57,0.57,Vaishali Nagar Tech Corridor,2,0.5,3.64,0.5849751293653184,-0.8304435277484835,-0.03272099955018445,-0.42884953655601804
JPR0041,Prime Homes,Hostel,Co-ed,26.893079,75.817669,Rs. 8900,1,1,1,1,8900.0,5.68,9.15,8.3,5.68,MNIT Jaipur (JLN Marg),4,0.325,10.67,-0.18048442864145423,0.9428368859455948,1.6033289779590365,1.1676576505508185
JPR0042,Highland Retreat,PG,Girls,26.842727,75.815178,Rs. 16500,1,1,1,1,16500.0,0.22,4.53,10.97,0.22,MNIT Jaipur (JLN Marg),4,0.8,4.71,1.8971915145197857,-0.9519010903302696,1.6033289779590365,-0.18585342130647112
JPR0043,Maple Stay,PG,Boys,26.842453,75.813617,10100 per month,0,1,0,1,10100.0,0.07,4.62,10.88,0.07,MNIT Jaipur (JLN Marg),2,0.4,4.44,0.14756966764716262,-1.0039543314367496,-0.03272099955018445,-0.2471701980516838
JPR0044,Royal House,Hostel,Girls,26.878269,75.772713,10100 per month,1,0,1,1,10100.0,5.66,10.3,5.2,5.2,Vaishali Nagar Tech Corridor,3,0.4,6.67,0.14756966764716262,0.7762665144048596,0.785303989204426,0.2592609580291476
JPR0045,Maple Manor,PG,Girls,26.862869,75.761646,"₹8,300/month",1,0,1,0,8300.0,5.59,10.16,6.02,5.59,MNIT Jaipur (JLN Marg),2,0.2875,5.93,-0.34451147678576266,0.911604941281707,-0.03272099955018445,0.09120756991263844
JPR0046,Ivory Heights,PG,Co-ed,26.911743,75.747346,6100 per month,1,0,0,0,6100.0,10.11,14.71,1.05,1.05,Vaishali Nagar Tech Corridor,1,0.15,5.0,-0.9459439866482269,-0.6638731562077481,-0.8507459883047949,-0.11999466109864998
JPR0047,Urban Address,PG,Girls,26.90323,75.730318,Rs. 12200,1,1,1,1,12200.0,10.64,15.3,1.2,1.2,Vaishali Nagar Tech Corridor,4,0.53125,6.88,0.7216643361522421,-0.6118199151012683,1.6033289779590365,0.3069517843865353
JPR0048,Silver Oak Stay,PG,Boys,26.837204,75.80746,18900 per month,1,1,1,1,18900.0,0.78,4.79,10.9,0.78,MNIT Jaipur (JLN Marg),4,0.95,4.0,2.5532997070970196,-0.7575689901994117,1.6033289779590365,-0.3470938342290677
JPR0049,Elite Villa,Independent Flat,Girls,26.830967,75.80873,17600,1,1,1,1,17600.0,1.32,4.37,11.52,1.32,MNIT Jaipur (JLN Marg),4,0.86875,4.35,2.197907769451018,-0.5701773222160844,1.6033289779590365,-0.2676091236334216
JPR0050,Prime Address,PG,Girls,26.908742,75.75071,8000 per month,0,0,0,1,8000.0,9.64,14.24,1.43,1.43,Vaishali Nagar Tech Corridor,1,0.26875,3.14,-0.4265250008579169,-0.532004945404666,-0.8507459883047949,-0.542399123121227
JPR0051,Royal Address,Hostel,Boys,26.95866,75.847993,Rs. 4500,0,0,0,0,4500.0,13.41,15.89,12.17,12.17,Vaishali Nagar Tech Corridor,0,0.05,0.0,-1.3833494483663826,3.195007117819287,-1.6687709770594055,-1.2554905267507386
JPR0052,Amber Stay,PG,Girls,26.844503,75.810197,"₹7,800/month",0,0,0,0,7800.0,0.38,5.03,10.48,0.38,MNIT Jaipur (JLN Marg),0,0.25625,0.0,-0.48120068357268636,-0.8963776331500246,-1.6687709770594055,-1.2554905267507386
JPR0053,Green Valley Nest,PG,Co-ed,26.857235,75.876801,INR 9300/month,1,1,0,1,9300.0,6.55,5.35,15.17,5.35,Jagatpura Education Belt,3,0.35,7.5,-0.07113306321191529,0.8283197555113393,0.785303989204426,0.4477532717273943
JPR0054,Copper Leaf Point,PG,Boys,26.925968,75.773547,14400 per month,1,1,1,1,14400.0,10.1,14.38,3.95,3.95,Vaishali Nagar Tech Corridor,4,0.66875,5.57,1.3230968460147063,0.3424895051841947,1.6033289779590365,0.009451867585688185
JPR0055,Sunrise Villa,PG,Girls,26.84214,75.81357,Rs. 6800,0,1,0,0,6800.0,0.06,4.61,10.9,0.06,MNIT Jaipur (JLN Marg),1,0.19375,4.1,-0.7545790971465337,-1.0074245475105148,-0.8507459883047949,-0.324383916916026
JPR0056,Sunshine Retreat,PG,Boys,26.86916,75.819365,INR 10800/month,0,0,1,1,10800.0,3.06,6.64,9.49,3.06,MNIT Jaipur (JLN Marg),2,0.44375,4.05,0.3389345571488558,0.03364027461908117,-0.03272099955018445,-0.33573887557254684
JPR0057,Crimson Villa,Hostel,Boys,26.916603,75.742585,INR 19400/month,1,1,0,1,19400.0,10.83,15.42,0.75,0.75,Vaishali Nagar Tech Corridor,3,0.98125,2.91,2.6899889138839432,-0.7679796384207077,0.785303989204426,-0.594631932941223
JPR0058,Highland Court,PG,Boys,26.882577,75.808551,11100,1,1,1,0,11100.0,4.51,8.46,7.85,4.51,MNIT Jaipur (JLN Marg),3,0.4625,5.85,0.42094808122100996,0.5368216053150524,0.785303989204426,0.073039636062205
JPR0059,Blue Orchid House,PG,Boys,26.920237,75.753404,INR 12200/month,0,0,0,0,12200.0,10.5,15.02,1.87,1.87,Vaishali Nagar Tech Corridor,0,0.53125,0.0,0.7216643361522421,-0.3793154381589919,-1.6687709770594055,-1.2554905267507386
JPR0060,Sunshine Point,PG,Co-ed,26.849312,75.813925,Rs. 11600,0,1,0,1,11600.0,0.8,5.13,10.37,0.8,MNIT Jaipur (JLN Marg),2,0.49375,3.68,0.5576372880079337,-0.7506285580518812,-0.03272099955018445,-0.4197655696308013
JPR0061,Amber Enclave,PG,Boys,26.883069,75.854811,Rs. 9700,1,0,1,1,9700.0,6.15,7.5,12.15,6.15,MNIT Jaipur (JLN Marg),3,0.375,7.06,0.038218302217623665,1.105937041412565,0.785303989204426,0.34782963555001045
JPR0062,Highland Nest,Independent Flat,Girls,26.839286,75.834442,5100 per month,1,1,0,1,5100.0,2.15,3.0,12.64,2.15,MNIT Jaipur (JLN Marg),3,0.0875,21.82,-1.2193224002220742,-0.282149388093563,0.785303989204426,3.6998134309549764
JPR0063,Highland Heights,Hostel,Boys,26.805237,75.8328,9200 per month,1,1,1,0,9200.0,4.56,2.02,15.25,2.02,Jagatpura Education Belt,3,0.34375,7.62,-0.09847090456930002,-0.3272621970525121,0.785303989204426,0.47500517250304447
JPR0064,Green Valley Stay,PG,Co-ed,26.826582,75.892415,11200 per month,1,0,0,0,11200.0,8.07,4.43,18.14,4.43,Jagatpura Education Belt,1,0.46875,1.93,0.4482859225783947,0.5090598767249299,-0.8507459883047949,-0.8171891226090324
JPR0065,Zenith Homes,PG,Girls,26.912462,75.737012,INR 19600/month,1,0,1,1,19600.0,10.86,15.49,0.03,0.03,Vaishali Nagar Tech Corridor,3,0.99375,2.87,2.744664596598713,-1.0178351957318108,0.785303989204426,-0.6037158998664397
JPR0066,Golden Nest Enclave,Independent Flat,Girls,26.878617,75.771612,INR 7800/month,1,0,1,1,7800.0,5.77,10.41,5.09,5.09,Vaishali Nagar Tech Corridor,3,0.25625,9.8,-0.48120068357268636,0.738094137593441,0.785303989204426,0.9700813699273553
JPR0067,Crimson Palace,PG,Boys,26.825661,75.79944,11500,1,1,1,0,11500.0,2.28,5.08,11.46,2.28,MNIT Jaipur (JLN Marg),3,0.4875,5.58,0.530299446650549,-0.23703657913461385,0.785303989204426,0.011722859316992313
JPR0068,Crimson Address,Hostel,Girls,26.826932,75.874023,6900 per month,0,0,0,0,6900.0,6.29,2.74,16.59,2.74,Jagatpura Education Belt,0,0.2,0.0,-0.727241255789149,-0.077406639741409,-1.6687709770594055,-1.2554905267507386
JPR0069,Sunshine Manor,PG,Boys,26.793891,75.843312,"₹10,300/month",1,0,1,0,10300.0,6.16,2.51,16.88,2.51,Jagatpura Education Belt,2,0.4125,4.32,0.20224535036193209,-0.1572216094380115,-0.03272099955018445,-0.274422098827334
JPR0070,Silver Oak Retreat,Independent Flat,Co-ed,26.83429,75.794162,6000,0,1,0,0,6000.0,2.07,5.85,10.37,2.07,MNIT Jaipur (JLN Marg),1,0.14375,5.16,-0.9732818280056116,-0.30991111668368554,-0.8507459883047949,-0.08365879339778311
JPR0071,Highland Palace,Independent Flat,Girls,26.842744,75.81405,"₹6,000/month",0,0,0,0,6000.0,0.12,4.61,10.89,0.12,MNIT Jaipur (JLN Marg),0,0.14375,0.0,-0.9732818280056116,-0.9866032510679228,-1.6687709770594055,-1.2554905267507386
JPR0072,Silver Oak Residency,Hostel,Girls,26.938478,75.753618,INR 8200/month,0,1,0,0,8200.0,12.22,16.62,3.35,3.35,Vaishali Nagar Tech Corridor,1,0.28125,3.02,-0.3718493181431474,0.13427654075827547,-0.8507459883047949,-0.569651023896877
JPR0073,Urban Stay,PG,Girls,26.842808,75.836319,18900,1,0,0,1,18900.0,2.31,3.27,12.54,2.31,MNIT Jaipur (JLN Marg),2,0.95,2.0,2.5532997070970196,-0.2266259309133178,-0.03272099955018445,-0.8012921804899031
JPR0074,Crimson Point,PG,Boys,26.839526,75.825082,5600,0,1,0,0,5600.0,1.24,3.58,11.92,1.24,MNIT Jaipur (JLN Marg),1,0.11875,5.93,-1.0826331934351505,-0.597939050806207,-0.8507459883047949,0.09120756991263844
JPR0075,Copper Leaf Heights,PG,Girls,26.813887,75.838517,Rs. 10100,1,0,0,0,10100.0,4.04,1.1,14.88,1.1,Jagatpura Education Belt,1,0.4,2.22,0.14756966764716262,-0.6465220758389215,-0.8507459883047949,-0.7513303624012112
JPR0076,Comfort Stay,PG,Girls,26.83494,75.809394,INR 12600/month,1,0,1,0,12600.0,0.88,4.5,11.22,0.88,MNIT Jaipur (JLN Marg),2,0.55625,3.3,0.8310157015817811,-0.7228668294617586,-0.03272099955018445,-0.5060632554203601
JPR0077,Royal Residency,PG,Girls,26.834685,75.799026,INR 5700/month,1,1,0,0,5700.0,1.62,5.42,10.61,1.62,MNIT Jaipur (JLN Marg),2,0.125,11.43,-1.055295352077766,-0.4660708400031249,-0.03272099955018445,1.3402530221299358
JPR0078,Highland Court,PG,Girls,26.809002,75.780116,11000,1,1,1,1,11000.0,4.93,6.92,12.26,4.93,MNIT Jaipur (JLN Marg),4,0.45625,7.9,0.39361023986362526,0.6825706804131958,1.6033289779590365,0.5385929409795615
JPR0079,Copper Leaf Stay,Hostel,Boys,26.917646,75.73799,INR 11200/month,1,0,1,0,11200.0,11.21,15.82,0.61,0.61,Vaishali Nagar Tech Corridor,2,0.46875,3.86,0.4482859225783947,-0.8165626634534222,-0.03272099955018445,-0.3788877184673262
JPR0080,Maple Retreat,Hostel,Boys,26.906636,75.732479,10800,1,0,0,1,10800.0,10.73,15.38,0.76,0.76,Vaishali Nagar Tech Corridor,2,0.44375,4.05,0.3389345571488558,-0.7645094223469424,-0.03272099955018445,-0.33573887557254684
JPR0081,Crimson Homes,PG,Co-ed,26.761314,75.789201,Rs. 5900,1,0,0,0,5900.0,9.3,8.51,17.58,8.51,Jagatpura Education Belt,1,0.1375,5.33,-1.0006196693629963,1.9249080348211804,-0.8507459883047949,-0.04505193396561211
JPR0082,Zenith Point,PG,Girls,26.805469,75.869188,7600,1,0,0,0,7600.0,6.91,2.28,17.71,2.28,Jagatpura Education Belt,1,0.24375,3.4,-0.5358763662874558,-0.23703657913461385,-0.8507459883047949,-0.48335333810731834
JPR0083,Copper Leaf Homes,Independent Flat,Girls,26.84182,75.872488,INR 9400/month,1,0,0,1,9400.0,5.9,3.69,15.57,3.69,Jagatpura Education Belt,2,0.35625,4.92,-0.043795221854530546,0.2522638872662963,-0.03272099955018445,-0.13816259494908342
JPR0084,Golden Nest Retreat,PG,Co-ed,26.81556,75.847447,INR 10800/month,1,1,0,0,10800.0,4.52,0.2,15.37,0.2,Jagatpura Education Belt,2,0.44375,4.05,0.3389345571488558,-0.9588415224778002,-0.03272099955018445,-0.33573887557254684
JPR0085,Highland Stay,Hostel,Boys,26.809984,75.833411,7200,0,0,0,0,7200.0,4.12,1.71,14.88,1.71,Jagatpura Education Belt,0,0.21875,0.0,-0.6452277317169948,-0.43483889533923703,-1.6687709770594055,-1.2554905267507386
JPR0086,Serene Stay,PG,Co-ed,26.912591,75.751209,10300,1,0,0,0,10300.0,9.94,14.52,1.43,1.43,Vaishali Nagar Tech Corridor,1,0.4125,2.16,0.20224535036193209,-0.532004945404666,-0.8507459883047949,-0.7649563127890363
JPR0087,Green Valley Point,PG,Co-ed,26.924066,75.695678,6300,0,0,0,0,6300.0,14.77,19.43,4.28,4.28,Vaishali Nagar Tech Corridor,0,0.1625,0.0,-0.8912683039334575,0.45700663561845023,-1.6687709770594055,-1.2554905267507386
JPR0088,Copper Leaf Heights,PG,Co-ed,26.812094,75.879052,8400 per month,0,1,1,1,8400.0,7.36,2.97,17.98,2.97,Jagatpura Education Belt,3,0.29375,8.73,-0.3171736354283779,0.0024083299551933444,0.785303989204426,0.7270852546778082
JPR0089,Serene Address,PG,Co-ed,26.879851,75.759414,INR 4200/month,0,0,0,0,4200.0,6.77,11.42,4.25,4.25,Vaishali Nagar Tech Corridor,0,0.03125,0.0,-1.4653629724385369,0.4465959873971542,-1.6687709770594055,-1.2554905267507386
JPR0090,Royal Residency,Hostel,Boys,26.817678,75.848197,INR 14300/month,1,0,1,1,14300.0,4.43,0.24,15.26,0.24,Jagatpura Education Belt,3,0.6625,4.21,1.2957590046573215,-0.944960658182739,0.785303989204426,-0.29940300787168
JPR0091,Comfort Point,Hostel,Boys,26.845353,75.811858,,0,0,1,0,9100.0,0.37,4.97,10.53,0.37,MNIT Jaipur (JLN Marg),1,0.3375,2.58,-0.12580874592668476,-0.8998478492237898,-0.8507459883047949,-0.6695746600742608
JPR0092,Green Valley Nest,PG,Girls,26.821073,75.863084,5100,0,0,0,1,5100.0,5.5,1.48,16.12,1.48,Jagatpura Education Belt,1,0.0875,7.27,-1.2193224002220742,-0.5146538650358393,-0.8507459883047949,0.39552046190739815
JPR0093,Crimson Residency,Independent Flat,Boys,26.828071,75.83529,Rs. 5800,1,0,0,1,5800.0,2.71,1.96,13.53,1.96,Jagatpura Education Belt,2,0.13125,11.03,-1.027957510720381,-0.34808349349510403,-0.03272099955018445,1.2494133528777687
JPR0094,Amber Address,PG,Boys,26.922626,75.7056,7200,1,0,1,1,7200.0,13.91,18.56,3.3,3.3,Vaishali Nagar Tech Corridor,3,0.21875,11.16,-0.6452277317169948,0.11692546038944877,0.785303989204426,1.2789362453847233
JPR0095,Sunshine Stay,Independent Flat,Co-ed,26.833608,75.787624,18600,1,1,1,1,18600.0,2.69,6.44,10.1,2.69,MNIT Jaipur (JLN Marg),4,0.93125,4.08,2.471286183024865,-0.0947577201102357,1.6033289779590365,-0.3289259003786343
JPR0096,Serene Court,Independent Flat,Boys,26.842289,75.860753,15200 per month,1,0,1,1,15200.0,4.74,3.15,14.55,3.15,Jagatpura Education Belt,3,0.71875,3.9,1.5417995768737842,0.064872219282969,0.785303989204426,-0.3698037515421095
JPR0097,Silver Oak Stay,PG,Co-ed,26.915024,75.753502,INR 6900/month,0,0,0,0,6900.0,10.02,14.57,1.68,1.68,Vaishali Nagar Tech Corridor,0,0.2,0.0,-0.727241255789149,-0.445249543560533,-1.6687709770594055,-1.2554905267507386
JPR0098,Elite Point,PG,Co-ed,27.005246,75.698576,9900,0,1,1,1,9900.0,21.39,25.83,11.01,11.01,Vaishali Nagar Tech Corridor,3,0.3875,6.86,0.09289398493239313,2.79246205326251,0.785303989204426,0.30240980092392705
JPR0099,Zenith Enclave,PG,Co-ed,26.91205,75.735823,INR 11100/month,0,0,0,1,11100.0,10.91,15.54,0.1,0.1,Vaishali Nagar Tech Corridor,1,0.4625,1.95,0.42094808122100996,-0.9935436832154535,-0.8507459883047949,-0.812647139146424
JPR0100,Comfort Nest,Hostel,Co-ed,26.93698,75.796174,"₹12,600/month",1,1,1,1,12600.0,10.67,14.47,6.49,6.49,Vaishali Nagar Tech Corridor,4,0.55625,6.6,0.8310157015817811,1.2239243879205859,1.6033289779590365,0.2433640159100183
JPR0101,Crimson Palace,Hostel,Co-ed,26.858498,75.802273,INR 10500/month,1,0,0,1,10500.0,2.1,6.66,8.83,2.1,MNIT Jaipur (JLN Marg),2,0.425,4.21,0.25692103307670155,-0.29950046846238954,-0.03272099955018445,-0.29940300787168
JPR0102,Sunshine Point,Independent Flat,Co-ed,26.841948,75.812175,Rs. 6300,0,0,0,0,6300.0,0.09,4.7,10.82,0.09,MNIT Jaipur (JLN Marg),0,0.1625,0.0,-0.8912683039334575,-0.9970138992892189,-1.6687709770594055,-1.2554905267507386
JPR0103,Blue Orchid Heights,Hostel,Girls,26.822868,75.845327,Rs. 9300,0,0,0,0,9300.0,3.86,0.88,14.66,0.88,Jagatpura Education Belt,0,0.35,0.0,-0.07113306321191529,-0.7228668294617586,-1.6687709770594055,-1.2554905267507386
JPR0104,Copper Leaf Residency,PG,Boys,26.890743,75.81873,7300,1,0,1,1,7300.0,5.43,8.87,8.47,5.43,MNIT Jaipur (JLN Marg),3,0.225,10.91,-0.6178898903596101,0.8560814841014618,0.785303989204426,1.2221614521021187
JPR0105,Prime Palace,PG,Co-ed,26.854327,75.869649,INR 5500/month,1,0,0,0,5500.0,5.78,4.73,14.67,4.73,Jagatpura Education Belt,1,0.1125,6.15,-1.1099710347925353,0.6131663589378897,-0.8507459883047949,0.14116938800133047
JPR0106,Sunshine Enclave,Hostel,Co-ed,26.894664,75.779454,10400,0,0,1,1,10400.0,6.72,11.18,4.66,4.66,Vaishali Nagar Tech Corridor,2,0.41875,4.27,0.22958319171931682,0.5888748464215323,-0.03272099955018445,-0.285777057483855
JPR0107,Blue Orchid Point,PG,Girls,26.950996,75.747076,7500 per month,0,0,0,1,7500.0,13.75,18.14,4.42,4.42,Vaishali Nagar Tech Corridor,1,0.2375,3.48,-0.5632142076448405,0.5055896606511646,-0.8507459883047949,-0.4651854042568849
JPR0108,Zenith Stay,Hostel,Boys,26.818359,75.872109,Rs. 9400,1,0,0,0,9400.0,6.44,2.27,17.01,2.27,Jagatpura Education Belt,1,0.35625,2.46,-0.043795221854530546,-0.2405067952083791,-0.8507459883047949,-0.696826560849911
JPR0109,Golden Nest Villa,PG,Girls,26.818362,75.850907,7400,0,0,0,1,7400.0,4.6,0.32,15.4,0.32,Jagatpura Education Belt,1,0.23125,3.56,-0.5905520490022252,-0.9171989295926165,-0.8507459883047949,-0.44701747040645146
JPR0110,Urban Residency,PG,Boys,26.801436,75.874805,9100 per month,1,1,0,1,9100.0,7.63,2.98,18.42,2.98,Jagatpura Education Belt,3,0.3375,7.74,-0.12580874592668476,0.00587854602895859,0.785303989204426,0.5022570732786946
JPR0111,Cozy Homes,PG,Co-ed,26.842441,75.862397,8400,1,1,0,0,8400.0,4.9,3.23,14.68,3.23,Jagatpura Education Belt,2,0.29375,5.82,-0.3171736354283779,0.09263394787309158,-0.03272099955018445,0.06622666086829261
JPR0112,Sunshine Court,Hostel,Co-ed,26.807531,75.847052,INR 7700/month,1,0,1,0,7700.0,5.13,0.95,15.98,0.95,Jagatpura Education Belt,2,0.25,6.67,-0.5085385249300711,-0.6985753169454012,-0.03272099955018445,0.2592609580291476
JPR0113,Green Valley Stay,PG,Boys,26.923959,75.750126,INR 5700/month,0,0,0,1,5700.0,11.02,15.54,1.85,1.85,Vaishali Nagar Tech Corridor,1,0.125,5.71,-1.055295352077766,-0.38625587030652253,-0.8507459883047949,0.041245751823946596
JPR0114,Crimson Homes,Hostel,Girls,26.8325,75.833106,INR 7500/month,1,0,1,0,7500.0,2.27,2.46,13.04,2.27,MNIT Jaipur (JLN Marg),2,0.2375,6.96,-0.5632142076448405,-0.2405067952083791,-0.03272099955018445,0.3251197182369687
JPR0115,Green Valley Heights,PG,Boys,26.914603,75.760827,INR 9800/month,0,1,1,1,9800.0,9.57,14.07,2.4,2.4,Vaishali Nagar Tech Corridor,3,0.38125,6.96,0.0655561435750084,-0.19539398624942997,0.785303989204426,0.3251197182369687
JPR0116,Elite Residency,Hostel,Girls,26.755368,75.871422,"₹9,200/month",1,1,1,1,9200.0,11.26,7.07,21.98,7.07,Jagatpura Education Belt,4,0.34375,10.16,-0.09847090456930002,1.4251969201989745,1.6033289779590365,1.0518370722543056
JPR0117,Ivory Heights,Hostel,Boys,26.912642,75.736415,10900 per month,1,0,0,0,10900.0,10.91,15.54,0.05,0.05,Vaishali Nagar Tech Corridor,1,0.45,2.0,0.3662723985062405,-1.0108947635842802,-0.8507459883047949,-0.8012921804899031
JPR0118,Urban Stay,PG,Girls,26.928027,75.729697,9400 per month,1,0,1,0,9400.0,12.62,17.22,1.89,1.89,Vaishali Nagar Tech Corridor,2,0.35625,4.92,-0.043795221854530546,-0.3723750060114613,-0.03272099955018445,-0.13816259494908342
JPR0119,Highland Court,Hostel,Boys,26.925732,75.899546,INR 17200/month,0,1,1,0,17200.0,12.65,13.2,16.2,12.65,MNIT Jaipur (JLN Marg),2,0.84375,2.24,2.088556404021479,3.3615774893600228,-0.03272099955018445,-0.7467883789386028
JPR0120,Highland Residency,PG,Boys,26.843248,75.802162,"₹5,300/month",0,0,0,0,5300.0,1.08,5.59,10.05,1.08,MNIT Jaipur (JLN Marg),0,0.1,0.0,-1.1646467175073048,-0.6534625079864521,-1.6687709770594055,-1.2554905267507386
JPR0121,Copper Leaf Point,PG,Girls,26.804315,75.851036,INR 13700/month,1,0,1,0,13700.0,5.66,1.29,16.51,1.29,Jagatpura Education Belt,2,0.625,2.96,1.131731956513013,-0.5805879704373804,-0.03272099955018445,-0.5832769742847022
JPR0122,Silver Oak Nest,PG,Boys,26.888051,75.872209,"₹9,100/month",1,1,1,0,9100.0,7.78,8.35,13.7,7.78,MNIT Jaipur (JLN Marg),3,0.3375,7.74,-0.12580874592668476,1.6715822614363123,0.785303989204426,0.5022570732786946
JPR0123,Sunshine Palace,Hostel,Girls,26.922983,75.632911,INR 5300/month,1,0,0,1,5300.0,19.99,24.56,10.37,10.37,Vaishali Nagar Tech Corridor,2,0.1,13.33,-1.1646467175073048,2.5703682245415296,-0.03272099955018445,1.7717414510777296
JPR0124,Prime Retreat,Independent Flat,Boys,26.805075,75.855874,Rs. 6300,1,0,0,0,6300.0,5.93,1.35,16.78,1.35,Jagatpura Education Belt,1,0.1625,4.71,-0.8912683039334575,-0.5597666739947885,-0.8507459883047949,-0.18585342130647112
JPR0125,Silver Oak Villa,Hostel,Girls,26.914423,75.770507,Rs. 5000,0,0,0,0,5000.0,9.07,13.47,3.35,3.35,Vaishali Nagar Tech Corridor,0,0.08125,0.0,-1.246660241579459,0.13427654075827547,-1.6687709770594055,-1.2554905267507386
JPR0126,Sunrise Nest,Hostel,Co-ed,26.814189,75.851739,10000,0,0,0,1,10000.0,4.95,0.29,15.78,0.29,Jagatpura Education Belt,1,0.39375,2.25,0.12023182628977788,-0.9276095778139124,-0.8507459883047949,-0.7445173872072987
JPR0127,Cozy Homes,Hostel,Co-ed,26.910112,75.744993,,1,0,1,1,9100.0,10.13,14.74,0.85,0.85,Vaishali Nagar Tech Corridor,3,0.3375,7.74,-0.12580874592668476,-0.7332774776830545,0.785303989204426,0.5022570732786946
JPR0128,Royal Enclave,PG,Co-ed,26.801394,75.689261,7800 per month,0,0,1,0,7800.0,13.09,15.97,13.2,13.09,MNIT Jaipur (JLN Marg),1,0.25625,3.27,-0.48120068357268636,3.514266996605697,-0.8507459883047949,-0.5128762306142727
JPR0129,Silver Oak Retreat,Independent Flat,Co-ed,26.842605,75.812965,9000,1,1,0,1,9000.0,0.05,4.69,10.82,0.05,MNIT Jaipur (JLN Marg),3,0.33125,7.87,-0.1531465872840695,-1.0108947635842802,0.785303989204426,0.5317799657856489
JPR0130,Sunshine House,PG,Boys,26.832804,75.822363,Rs. 10900,1,0,1,1,10900.0,1.4,3.28,12.25,1.4,MNIT Jaipur (JLN Marg),3,0.45,6.0,0.3662723985062405,-0.5424155936259619,0.785303989204426,0.10710451203176774
JPR0131,Silver Oak Nest,Independent Flat,Boys,26.82088,75.877558,INR 4600/month,0,0,0,0,4600.0,6.83,2.85,17.27,2.85,Jagatpura Education Belt,0,0.05625,0.0,-1.356011607008998,-0.03923426292999053,-1.6687709770594055,-1.2554905267507386
JPR0132,Silver Oak Retreat,Hostel,Girls,26.85747,75.739363,6800,1,0,0,0,6800.0,7.5,11.86,6.1,6.1,Vaishali Nagar Tech Corridor,1,0.19375,4.1,-0.7545790971465337,1.0885859610437383,-0.8507459883047949,-0.324383916916026
JPR0133,Maple Manor,Hostel,Co-ed,26.813967,75.85057,INR 9700/month,1,0,1,1,9700.0,4.87,0.23,15.71,0.23,Jagatpura Education Belt,3,0.375,7.06,0.038218302217623665,-0.9484308742565043,0.785303989204426,0.34782963555001045
JPR0134,Crimson Heights,Hostel,Co-ed,26.886948,75.794849,Rs. 6700,0,0,0,0,6700.0,5.29,9.59,6.41,5.29,MNIT Jaipur (JLN Marg),0,0.1875,0.0,-0.7819169385039184,0.8074984590687475,-1.6687709770594055,-1.2554905267507386
JPR0135,Cozy Enclave,PG,Boys,26.852828,75.814951,4300,0,0,0,0,4300.0,1.2,5.35,10.19,1.2,MNIT Jaipur (JLN Marg),0,0.0375,0.0,-1.4380251310811523,-0.6118199151012683,-1.6687709770594055,-1.2554905267507386
JPR0136,Prime Address,Hostel,Boys,26.81991,75.849144,Rs. 11900,0,0,0,0,11900.0,4.36,0.46,15.16,0.46,Jagatpura Education Belt,0,0.5125,0.0,0.6396508120800879,-0.868615904559902,-1.6687709770594055,-1.2554905267507386
JPR0137,Ivory Retreat,PG,Boys,26.821355,75.847058,"₹8,900/month",0,0,0,0,8900.0,4.1,0.66,14.9,0.66,Jagatpura Education Belt,0,0.325,0.0,-0.18048442864145423,-0.7992115830845955,-1.6687709770594055,-1.2554905267507386
JPR0138,Royal Address,Hostel,Co-ed,26.823787,75.796416,Rs. 14100,1,1,1,0,14100.0,2.63,5.33,11.48,2.63,MNIT Jaipur (JLN Marg),3,0.65,4.29,1.241083321942552,-0.11557901655282764,0.785303989204426,-0.28123507402124653
JPR0139,Highland Nest,Hostel,Girls,26.817762,75.867408,INR 15300/month,1,1,0,1,15300.0,6.04,1.8,16.68,1.8,Jagatpura Education Belt,3,0.725,3.87,1.569137418231169,-0.40360695067534913,0.785303989204426,-0.376616726736022
JPR0140,Crimson Residency,Independent Flat,Boys,26.788836,75.728507,8100 per month,1,0,0,1,8100.0,10.27,12.37,13.75,10.27,MNIT Jaipur (JLN Marg),2,0.275,6.15,-0.39918715950053213,2.5356660638038764,-0.03272099955018445,0.14116938800133047
JPR0141,Silver Oak Point,Hostel,Girls,26.791016,75.851509,Rs. 8700,1,0,1,0,8700.0,6.86,2.76,17.65,2.76,Jagatpura Education Belt,2,0.3125,5.52,-0.23516011135622372,-0.07046620759387852,-0.03272099955018445,-0.0019030910708328623
JPR0142,Prime Residency,PG,Girls,26.921373,75.74067,9300 per month,1,1,1,1,9300.0,11.36,15.94,1.08,1.08,Vaishali Nagar Tech Corridor,4,0.35,10.0,-0.07113306321191529,-0.6534625079864521,1.6033289779590365,1.0155012045534386
JPR0143,Silver Oak Manor,PG,Co-ed,26.970646,75.67822,"₹8,300/month",1,0,0,1,8300.0,19.56,24.18,8.71,8.71,Vaishali Nagar Tech Corridor,2,0.2875,5.93,-0.34451147678576266,1.994312356296487,-0.03272099955018445,0.09120756991263844
JPR0144,Maple Residency,Hostel,Boys,26.971451,75.734677,5000,1,0,0,1,5000.0,16.34,20.71,6.58,6.58,Vaishali Nagar Tech Corridor,2,0.08125,15.24,-1.246660241579459,1.2551563325844737,-0.03272099955018445,2.2055008717568274
JPR0145,Silver Oak Enclave,PG,Co-ed,26.90888,75.739728,10300,1,1,0,1,10300.0,10.38,15.02,0.48,0.48,Vaishali Nagar Tech Corridor,3,0.4125,6.49,0.20224535036193209,-0.8616754724123713,0.785303989204426,0.21838310686567247
JPR0146,Maple House,PG,Girls,26.901661,75.702982,,1,0,1,1,9100.0,12.76,17.38,3.56,3.56,Vaishali Nagar Tech Corridor,3,0.3375,7.74,-0.12580874592668476,0.20715107830734716,0.785303989204426,0.5022570732786946
JPR0147,Comfort House,Hostel,Co-ed,26.843713,75.809137,8000,0,0,0,0,8000.0,0.42,5.06,10.47,0.42,MNIT Jaipur (JLN Marg),0,0.26875,0.0,-0.4265250008579169,-0.8824967688549633,-1.6687709770594055,-1.2554905267507386
JPR0148,Highland Address,Hostel,Co-ed,26.913237,75.743133,Rs. 12300,1,1,1,0,12300.0,10.51,15.12,0.64,0.64,Vaishali Nagar Tech Corridor,3,0.5375,5.11,0.7490021775096268,-0.8061520152321262,0.785303989204426,-0.09501375205430396
JPR0149,Prime Homes,Hostel,Boys,26.897832,75.726078,8300 per month,0,1,0,1,8300.0,10.61,15.26,1.93,1.93,Vaishali Nagar Tech Corridor,2,0.2875,5.93,-0.34451147678576266,-0.3584941417164,-0.03272099955018445,0.09120756991263844
JPR0150,Sunshine Homes,PG,Boys,26.928702,75.748716,INR 7000/month,0,1,1,0,7000.0,11.54,16.04,2.17,2.17,Vaishali Nagar Tech Corridor,2,0.20625,7.8,-0.6999034144317643,-0.27520895594603234,-0.03272099955018445,0.5158830236665196
JPR0151,Crimson Palace,Hostel,Girls,26.943041,75.738432,Rs. 4900,0,0,1,0,4900.0,13.43,17.93,3.42,3.42,Vaishali Nagar Tech Corridor,1,0.075,8.0,-1.2739980829368438,0.15856805327463264,-0.8507459883047949,0.5613028582926032
JPR0152,Ivory Address,PG,Boys,26.818191,75.847148,Rs. 4900,0,0,0,1,4900.0,4.31,0.35,15.14,0.35,Jagatpura Education Belt,1,0.075,8.0,-1.2739980829368438,-0.9067882813713205,-0.8507459883047949,0.5613028582926032
JPR0153,Zenith Court,Hostel,Co-ed,26.887649,75.753077,Rs. 5400,1,0,0,0,5400.0,7.8,12.46,3.18,3.18,Vaishali Nagar Tech Corridor,1,0.10625,6.4,-1.1373088761499202,0.07528286750426505,-0.8507459883047949,0.1979441812839349
JPR0154,Prime Homes,PG,Girls,26.891355,75.702124,INR 4600/month,1,1,0,0,4600.0,12.28,16.85,4.15,4.15,Vaishali Nagar Tech Corridor,2,0.05625,18.82,-1.356011607008998,0.41189382665950114,-0.03272099955018445,3.018515911563723
JPR0155,Comfort Manor,Independent Flat,Co-ed,26.871189,75.699137,"₹17,800/month",1,1,1,1,17800.0,11.75,16.13,5.9,5.9,Vaishali Nagar Tech Corridor,4,0.88125,4.3,2.2525834521657875,1.019181639568432,1.6033289779590365,-0.2789640822899424
JPR0156,Maple Court,PG,Boys,26.904061,75.746312,4300,0,0,0,0,4300.0,9.54,14.17,1.31,1.31,Vaishali Nagar Tech Corridor,0,0.0375,0.0,-1.4380251310811523,-0.5736475382898498,-1.6687709770594055,-1.2554905267507386
JPR0157,Zenith House,PG,Boys,26.841074,75.805513,10300 per month,1,1,1,1,10300.0,0.75,5.18,10.45,0.75,MNIT Jaipur (JLN Marg),4,0.4125,8.65,0.20224535036193209,-0.7679796384207077,1.6033289779590365,0.7089173208273748
JPR0158,Silver Oak Manor,Hostel,Girls,26.829269,75.857827,,0,0,1,1,9100.0,4.67,1.72,15.14,1.72,Jagatpura Education Belt,2,0.3375,5.16,-0.12580874592668476,-0.4313686792654717,-0.03272099955018445,-0.08365879339778311
JPR0159,Silver Oak Heights,Hostel,Boys,26.839919,75.807266,12200 per month,1,1,1,1,12200.0,0.62,4.97,10.66,0.62,MNIT Jaipur (JLN Marg),4,0.53125,6.88,0.7216643361522421,-0.8130924473796568,1.6033289779590365,0.3069517843865353
JPR0160,Zenith Point,PG,Girls,26.816859,75.847792,7000,0,0,1,1,7000.0,4.46,0.2,15.29,0.2,Jagatpura Education Belt,2,0.20625,7.8,-0.6999034144317643,-0.9588415224778002,-0.03272099955018445,0.5158830236665196
JPR0161,Maple Address,Hostel,Co-ed,26.897021,75.738901,INR 12200/month,1,0,1,1,12200.0,9.55,14.2,1.71,1.71,Vaishali Nagar Tech Corridor,3,0.53125,5.16,0.7216643361522421,-0.43483889533923703,0.785303989204426,-0.08365879339778311
JPR0162,Comfort Heights,PG,Girls,26.921441,75.716581,Rs. 13600,1,1,1,1,13600.0,13.0,17.65,2.25,2.25,Vaishali Nagar Tech Corridor,4,0.61875,5.98,1.1043941151556285,-0.24744722735590974,1.6033289779590365,0.10256252856915948
JPR0163,Cozy Retreat,Independent Flat,Co-ed,26.837993,75.803296,Rs. 14600,1,1,0,1,14600.0,1.07,5.2,10.57,1.07,MNIT Jaipur (JLN Marg),3,0.68125,4.1,1.3777725287294758,-0.6569327240602174,0.785303989204426,-0.324383916916026
JPR0164,Zenith Nest,Hostel,Boys,26.840194,75.833934,INR 7300/month,0,0,0,0,7300.0,2.09,3.12,12.53,2.09,MNIT Jaipur (JLN Marg),0,0.225,0.0,-0.6178898903596101,-0.3029706845361549,-1.6687709770594055,-1.2554905267507386
JPR0165,Royal House,PG,Boys,26.829745,75.798524,"₹15,400/month",1,1,1,1,15400.0,2.0,5.28,11.03,2.0,MNIT Jaipur (JLN Marg),4,0.73125,5.12,1.5964752595885536,-0.33420262920004273,1.6033289779590365,-0.09274276032299983
JPR0166,Silver Oak Manor,Hostel,Co-ed,26.830093,75.827525,"₹9,100/month",1,1,1,0,9100.0,1.97,2.69,12.83,1.97,MNIT Jaipur (JLN Marg),3,0.3375,7.74,-0.12580874592668476,-0.3446132774213387,0.785303989204426,0.5022570732786946
JPR0167,Sunrise Nest,PG,Co-ed,26.830435,75.763755,10100 per month,0,0,1,0,10100.0,5.06,8.65,9.49,5.06,MNIT Jaipur (JLN Marg),1,0.4,2.22,0.14756966764716262,0.727683489372145,-0.8507459883047949,-0.7513303624012112
JPR0168,Ivory Stay,PG,Girls,26.802559,75.80609,,0,0,0,0,9100.0,4.46,4.54,14.01,4.46,MNIT Jaipur (JLN Marg),0,0.3375,0.0,-0.12580874592668476,0.5194705249462259,-1.6687709770594055,-1.2554905267507386
JPR0169,Amber Retreat,Independent Flat,Co-ed,26.823333,75.793487,"₹6,100/month",0,0,1,1,6100.0,2.85,5.61,11.38,2.85,MNIT Jaipur (JLN Marg),2,0.15,10.0,-0.9459439866482269,-0.03923426292999053,-0.03272099955018445,1.0155012045534386
JPR0170,Maple Nest,Hostel,Girls,26.832894,75.879005,INR 9600/month,0,0,1,1,9600.0,6.63,3.5,16.64,3.5,Jagatpura Education Belt,2,0.36875,4.78,0.010880460860238927,0.1863297818647552,-0.03272099955018445,-0.16995647918734183
JPR0171,Sunrise House,PG,Boys,26.875404,75.77428,8200,1,0,1,0,8200.0,5.33,9.97,5.54,5.33,MNIT Jaipur (JLN Marg),2,0.28125,6.04,-0.3718493181431474,0.8213793233638088,-0.03272099955018445,0.11618847895698446
JPR0172,Royal Enclave,PG,Boys,26.842507,75.812334,,1,1,0,1,9100.0,0.07,4.73,10.79,0.07,MNIT Jaipur (JLN Marg),3,0.3375,7.74,-0.12580874592668476,-1.0039543314367496,0.785303989204426,0.5022570732786946
JPR0173,Sunrise Enclave,PG,Co-ed,26.840616,75.815996,,0,0,0,1,9100.0,0.35,4.31,11.19,0.35,MNIT Jaipur (JLN Marg),1,0.3375,2.58,-0.12580874592668476,-0.9067882813713205,-0.8507459883047949,-0.6695746600742608
JPR0174,Elite Residency,Independent Flat,Boys,26.832097,75.87848,Rs. 9700,1,1,1,0,9700.0,6.59,3.41,16.64,3.41,Jagatpura Education Belt,3,0.375,7.06,0.038218302217623665,0.1550978372008674,0.785303989204426,0.34782963555001045
JPR0175,Golden Nest Villa,PG,Girls,26.834733,75.812007,INR 7400/month,0,0,1,0,7400.0,0.84,4.27,11.4,0.84,MNIT Jaipur (JLN Marg),1,0.23125,3.56,-0.5905520490022252,-0.7367476937568199,-0.8507459883047949,-0.44701747040645146
JPR0176,Sunshine Address,PG,Girls,26.831738,75.850117,INR 10700/month,1,1,0,1,10700.0,3.86,1.77,14.37,1.77,Jagatpura Education Belt,3,0.4375,6.15,0.311596715791471,-0.4140175988966451,0.785303989204426,0.14116938800133047
JPR0177,Serene House,PG,Girls,26.836546,75.807275,7500 per month,1,0,0,1,7500.0,0.85,4.77,10.95,0.85,MNIT Jaipur (JLN Marg),2,0.2375,6.96,-0.5632142076448405,-0.7332774776830545,-0.03272099955018445,0.3251197182369687
JPR0178,Cozy Homes,PG,Girls,26.75529,75.77553,Rs. 7200,0,0,1,1,7200.0,10.35,9.95,17.88,9.95,Jagatpura Education Belt,2,0.21875,7.44,-0.6452277317169948,2.4246191494433864,-0.03272099955018445,0.4341273213395693
JPR0179,Sunshine Stay,PG,Boys,26.807157,75.819481,10900 per month,1,0,0,0,10900.0,3.95,3.12,14.28,3.12,Jagatpura Education Belt,1,0.45,2.0,0.3662723985062405,0.05446157106167311,-0.8507459883047949,-0.8012921804899031
JPR0180,Comfort Address,PG,Boys,26.84546,75.793743,Rs. 11800,1,1,1,1,11800.0,1.94,6.43,9.33,1.94,MNIT Jaipur (JLN Marg),4,0.50625,7.19,0.6123129707227032,-0.3550239256426347,1.6033289779590365,0.3773525280569649
JPR0181,Royal Enclave,PG,Girls,26.912476,75.733949,5000 per month,1,0,0,1,5000.0,11.07,15.71,0.28,0.28,Vaishali Nagar Tech Corridor,2,0.08125,15.24,-1.246660241579459,-0.9310797938876777,-0.03272099955018445,2.2055008717568274
JPR0182,Cozy Stay,PG,Girls,26.859279,75.808467,4300 per month,1,0,0,0,4300.0,1.95,6.31,9.23,1.95,MNIT Jaipur (JLN Marg),1,0.0375,11.43,-1.4380251310811523,-0.35155370956886933,-0.8507459883047949,1.3402530221299358
JPR0183,Copper Leaf Homes,Independent Flat,Girls,26.825212,75.819177,8100,0,0,0,0,8100.0,1.99,3.18,12.67,1.99,MNIT Jaipur (JLN Marg),0,0.275,0.0,-0.39918715950053213,-0.3376728452738081,-1.6687709770594055,-1.2554905267507386
JPR0184,Prime Stay,PG,Girls,26.955046,75.702552,7200 per month,0,0,0,0,7200.0,16.66,21.26,5.84,5.84,Vaishali Nagar Tech Corridor,0,0.21875,0.0,-0.6452277317169948,0.99836034312584,-1.6687709770594055,-1.2554905267507386
JPR0185,Royal Address,Hostel,Boys,26.88858,75.672137,INR 5300/month,0,1,1,0,5300.0,14.89,19.36,6.93,6.93,Vaishali Nagar Tech Corridor,2,0.1,13.33,-1.1646467175073048,1.3766138951662599,-0.03272099955018445,1.7717414510777296
JPR0186,Silver Oak Enclave,Hostel,Co-ed,26.841702,75.814683,13600 per month,1,1,1,0,13600.0,0.18,4.49,11.01,0.18,MNIT Jaipur (JLN Marg),3,0.61875,4.49,1.1043941151556285,-0.9657819546253309,0.785303989204426,-0.23581523939516297
JPR0187,Sunrise Villa,Hostel,Girls,26.841092,75.862164,Rs. 8000,0,0,0,1,8000.0,4.88,3.08,14.74,3.08,Jagatpura Education Belt,1,0.26875,3.14,-0.4265250008579169,0.04058070676661182,-0.8507459883047949,-0.542399123121227
JPR0188,Cozy Nest,Independent Flat,Boys,26.901162,75.754962,6100 per month,1,0,1,0,6100.0,8.72,13.34,2.19,2.19,Vaishali Nagar Tech Corridor,2,0.15,10.0,-0.9459439866482269,-0.2682685237985017,-0.03272099955018445,1.0155012045534386
JPR0189,Serene Villa,PG,Girls,26.836751,75.856339,"₹10,300/month",0,1,1,1,10300.0,4.34,2.43,14.53,2.43,Jagatpura Education Belt,3,0.4125,6.49,0.20224535036193209,-0.18498333802813394,0.785303989204426,0.21838310686567247
JPR0190,Highland Court,PG,Co-ed,26.957879,75.728206,Rs. 9800,1,0,0,0,9800.0,15.37,19.85,5.14,5.14,Vaishali Nagar Tech Corridor,1,0.38125,2.32,0.0655561435750084,0.7554452179622676,-0.8507459883047949,-0.7286204450881695
JPR0191,Copper Leaf House,PG,Co-ed,26.912129,75.649159,"₹7,200/month",1,0,1,1,7200.0,18.01,22.57,8.69,8.69,Vaishali Nagar Tech Corridor,3,0.21875,11.16,-0.6452277317169948,1.987371924148956,0.785303989204426,1.2789362453847233
JPR0192,Green Valley Court,PG,Boys,26.778619,75.846818,Rs. 7000,0,0,0,0,7000.0,7.83,4.14,18.44,4.14,Jagatpura Education Belt,0,0.20625,0.0,-0.6999034144317643,0.40842361058573556,-1.6687709770594055,-1.2554905267507386
JPR0193,Elite Manor,Hostel,Girls,26.755409,75.684867,INR 7200/month,0,0,1,1,7200.0,15.96,17.66,18.19,15.96,MNIT Jaipur (JLN Marg),2,0.21875,7.44,-0.6452277317169948,4.510219009776344,-0.03272099955018445,0.4341273213395693
JPR0194,Ivory Nest,Hostel,Boys,26.807016,75.850103,INR 8000/month,0,0,0,0,8000.0,5.37,0.98,16.23,0.98,Jagatpura Education Belt,0,0.26875,0.0,-0.4265250008579169,-0.6881646687241053,-1.6687709770594055,-1.2554905267507386
JPR0195,Comfort Stay,Independent Flat,Boys,26.828713,75.779072,INR 7000/month,1,0,0,0,7000.0,3.69,7.12,10.2,3.69,MNIT Jaipur (JLN Marg),1,0.20625,3.9,-0.6999034144317643,0.2522638872662963,-0.8507459883047949,-0.3698037515421095
JPR0196,Blue Orchid Residency,PG,Girls,26.840233,75.82774,"₹17,300/month",1,1,1,1,17300.0,1.48,3.46,12.07,1.48,MNIT Jaipur (JLN Marg),4,0.85,4.44,2.115894245378864,-0.5146538650358393,1.6033289779590365,-0.2471701980516838
JPR0197,Serene Nest,Independent Flat,Girls,26.799499,75.800077,6900,0,0,0,0,6900.0,4.92,5.22,14.03,4.92,MNIT Jaipur (JLN Marg),0,0.2,0.0,-0.727241255789149,0.6791004643394306,-1.6687709770594055,-1.2554905267507386
JPR0198,Prime Nest,PG,Co-ed,26.849305,75.715997,Rs. 9000,0,0,1,1,9000.0,9.66,13.75,7.3,7.3,Vaishali Nagar Tech Corridor,2,0.33125,5.25,-0.1531465872840695,1.5050118898955767,-0.03272099955018445,-0.06321986781604555
JPR0199,Royal Retreat,PG,Boys,26.924858,75.83261,INR 11700/month,1,0,0,1,11700.0,9.39,12.24,9.6,9.39,MNIT Jaipur (JLN Marg),2,0.5,3.64,0.5849751293653184,2.230287049312529,-0.03272099955018445,-0.42884953655601804
JPR0200,Prime Point,PG,Boys,26.917182,75.739918,Rs. 7100,1,0,1,1,7100.0,11.05,15.65,0.62,0.62,Vaishali Nagar Tech Corridor,3,0.2125,11.43,-0.6725655730743795,-0.8130924473796568,0.785303989204426,1.3402530221299358
JPR0201,Serene Court,Hostel,Girls,26.89779,75.713014,"₹15,700/month",1,1,1,1,15700.0,11.69,16.31,2.86,2.86,Vaishali Nagar Tech Corridor,4,0.75,5.0,1.6784887836607079,-0.035764046856225286,1.6033289779590365,-0.11999466109864998
JPR0202,Elite Heights,PG,Boys,26.822649,75.846952,6900,1,1,0,1,6900.0,4.01,0.8,14.79,0.8,Jagatpura Education Belt,3,0.2,12.0,-0.727241255789149,-0.7506285580518812,0.785303989204426,1.469699550814274
JPR0203,Sunshine Villa,Independent Flat,Boys,26.81244,75.851105,"₹8,400/month",1,1,0,0,8400.0,5.02,0.41,15.87,0.41,Jagatpura Education Belt,2,0.29375,5.82,-0.3171736354283779,-0.8859669849287285,-0.03272099955018445,0.06622666086829261
JPR0204,Elite Villa,Independent Flat,Boys,26.957596,75.77234,Rs. 13400,1,1,0,1,13400.0,13.45,17.52,6.15,6.15,Vaishali Nagar Tech Corridor,3,0.60625,4.57,1.049718432440859,1.105937041412565,0.785303989204426,-0.21764730554472952
JPR0205,Crimson Palace,Independent Flat,Girls,26.893965,75.75222,11700,1,1,0,1,11700.0,8.34,12.98,2.55,2.55,Vaishali Nagar Tech Corridor,3,0.5,5.45,0.5849751293653184,-0.14334074514295023,0.785303989204426,-0.017800033189961966
JPR0206,Crimson House,PG,Boys,26.822982,75.848587,18400,1,0,1,1,18400.0,4.13,0.8,14.89,0.8,Jagatpura Education Belt,3,0.91875,3.1,2.416610500310096,-0.7506285580518812,0.785303989204426,-0.5514830900464436
JPR0207,Maple Nest,Independent Flat,Girls,26.825129,75.841197,"₹7,000/month",0,1,0,0,7000.0,3.38,1.32,14.18,1.32,Jagatpura Education Belt,1,0.20625,3.9,-0.6999034144317643,-0.5701773222160844,-0.8507459883047949,-0.3698037515421095
JPR0208,Green Valley Nest,Hostel,Boys,26.843552,75.81942,INR 11300/month,1,0,1,0,11300.0,0.65,4.29,11.21,0.65,MNIT Jaipur (JLN Marg),2,0.475,3.81,0.4756237639357795,-0.8026817991583609,-0.03272099955018445,-0.390242677123847
JPR0209,Copper Leaf Point,PG,Boys,26.815387,75.848749,Rs. 5700,0,0,0,1,5700.0,4.63,0.08,15.47,0.08,Jagatpura Education Belt,1,0.125,5.71,-1.055295352077766,-1.0004841153629842,-0.8507459883047949,0.041245751823946596
JPR0210,Comfort Retreat,PG,Girls,26.822616,75.840667,11300 per month,1,1,0,0,11300.0,3.5,1.15,14.34,1.15,Jagatpura Education Belt,2,0.475,3.81,0.4756237639357795,-0.6291709954700949,-0.03272099955018445,-0.390242677123847
JPR0211,Blue Orchid Point,PG,Boys,26.926449,75.733586,16700 per month,0,1,1,1,16700.0,12.24,16.83,1.61,1.61,Vaishali Nagar Tech Corridor,3,0.8125,3.48,1.9518671972345554,-0.4695410560768902,0.785303989204426,-0.4651854042568849
JPR0212,Zenith Enclave,PG,Girls,26.915435,75.732991,"₹5,300/month",0,0,1,0,5300.0,11.37,16.0,0.51,0.51,Vaishali Nagar Tech Corridor,1,0.1,6.67,-1.1646467175073048,-0.8512648241910754,-0.8507459883047949,0.2592609580291476
JPR0213,Crimson Point,Hostel,Boys,26.916725,75.699271,Rs. 9600,0,0,1,1,9600.0,14.0,18.65,3.75,3.75,Vaishali Nagar Tech Corridor,2,0.36875,4.78,0.010880460860238927,0.27308518370888824,-0.03272099955018445,-0.16995647918734183
JPR0214,Prime Homes,Independent Flat,Girls,26.915204,75.689859,Rs. 5200,1,0,0,1,5200.0,14.67,19.3,4.67,4.67,Vaishali Nagar Tech Corridor,2,0.09375,13.91,-1.1919845588646896,0.5923450624952976,-0.03272099955018445,1.903458971493372
JPR0215,Zenith Nest,PG,Boys,26.927346,75.755052,"₹11,500/month",1,1,0,0,11500.0,11.08,15.54,2.46,2.46,Vaishali Nagar Tech Corridor,2,0.4875,3.72,0.530299446650549,-0.17457268980683804,-0.03272099955018445,-0.4106816027055846
JPR0216,Zenith Residency,Hostel,Boys,26.912955,75.736402,Rs. 9000,1,0,1,1,9000.0,10.94,15.57,0.08,0.08,Vaishali Nagar Tech Corridor,3,0.33125,7.87,-0.1531465872840695,-1.0004841153629842,0.785303989204426,0.5317799657856489
JPR0217,Golden Nest Court,Independent Flat,Girls,26.822025,75.82623,INR 15300/month,1,0,1,1,15300.0,2.6,2.4,13.4,2.4,Jagatpura Education Belt,3,0.725,3.87,1.569137418231169,-0.19539398624942997,0.785303989204426,-0.376616726736022
JPR0218,Urban Retreat,PG,Co-ed,26.923254,75.747951,"₹10,700/month",1,1,0,0,10700.0,11.08,15.62,1.64,1.64,Vaishali Nagar Tech Corridor,2,0.4375,4.1,0.311596715791471,-0.4591304078555943,-0.03272099955018445,-0.324383916916026
JPR0219,Green Valley Heights,Independent Flat,Boys,26.911114,75.733695,INR 6100/month,0,1,1,0,6100.0,10.98,15.62,0.33,0.33,Vaishali Nagar Tech Corridor,2,0.15,10.0,-0.9459439866482269,-0.9137287135188511,-0.03272099955018445,1.0155012045534386
JPR0220,Highland Stay,Hostel,Girls,26.846076,75.826522,Rs. 5300,0,0,1,0,5300.0,1.41,4.06,11.55,1.41,MNIT Jaipur (JLN Marg),1,0.1,6.67,-1.1646467175073048,-0.5389453775521966,-0.8507459883047949,0.2592609580291476
JPR0221,Zenith Stay,Hostel,Girls,26.829813,75.856102,"₹7,300/month",0,1,0,0,7300.0,4.49,1.69,14.97,1.69,Jagatpura Education Belt,1,0.225,3.64,-0.6178898903596101,-0.4417793274867677,-0.8507459883047949,-0.42884953655601804
JPR0222,Elite Retreat,PG,Girls,26.813461,75.871255,Rs. 7700,1,0,0,0,7700.0,6.6,2.18,17.28,2.18,Jagatpura Education Belt,1,0.25,3.33,-0.5085385249300711,-0.27173873987226693,-0.8507459883047949,-0.4992502802264476
JPR0223,Sunrise Palace,Hostel,Co-ed,26.802481,75.886846,"₹5,500/month",0,0,0,0,5500.0,8.56,4.0,19.25,4.0,Jagatpura Education Belt,0,0.1125,0.0,-1.1099710347925353,0.35984058555302123,-1.6687709770594055,-1.2554905267507386
JPR0224,Serene Enclave,PG,Boys,26.925943,75.737919,Rs. 15100,1,1,1,1,15100.0,11.92,16.5,1.52,1.52,Vaishali Nagar Tech Corridor,4,0.7125,5.25,1.5144617355163994,-0.5007730007407781,1.6033289779590365,-0.06321986781604555
JPR0225,Crimson Stay,Hostel,Co-ed,26.910978,75.737988,INR 8500/month,1,0,1,1,8500.0,10.67,15.3,0.19,0.19,Vaishali Nagar Tech Corridor,3,0.3,8.57,-0.2898357940709932,-0.9623117385515656,0.785303989204426,0.6907493869769413
JPR0226,Maple Palace,PG,Boys,26.900388,75.727092,INR 9200/month,1,0,1,0,9200.0,10.7,15.35,1.64,1.64,Vaishali Nagar Tech Corridor,2,0.34375,5.08,-0.09847090456930002,-0.4591304078555943,-0.03272099955018445,-0.10182672724821655
JPR0227,Blue Orchid Residency,Independent Flat,Boys,26.814166,75.832896,Rs. 7900,0,0,0,1,7900.0,3.69,1.65,14.49,1.65,Jagatpura Education Belt,1,0.2625,3.2,-0.4538628422153016,-0.455660191781829,-0.8507459883047949,-0.5287731727334019
JPR0228,Silver Oak Address,PG,Co-ed,26.920561,75.687989,"₹12,400/month",1,0,1,1,12400.0,15.15,19.8,4.93,4.93,Vaishali Nagar Tech Corridor,3,0.54375,5.05,0.7763400188670115,0.6825706804131958,0.785303989204426,-0.10863970244212913
JPR0229,Maple Enclave,PG,Girls,26.758716,75.785712,10400 per month,1,1,0,1,10400.0,9.67,8.96,17.75,8.96,Jagatpura Education Belt,3,0.41875,6.4,0.22958319171931682,2.08106775814062,0.785303989204426,0.1979441812839349
JPR0230,Copper Leaf Nest,Hostel,Girls,26.815925,75.852194,INR 7000/month,0,0,0,0,7000.0,4.86,0.28,15.68,0.28,Jagatpura Education Belt,0,0.20625,0.0,-0.6999034144317643,-0.9310797938876777,-1.6687709770594055,-1.2554905267507386
JPR0231,Prime Residency,PG,Girls,26.973097,75.821899,INR 8500/month,1,0,1,1,8500.0,14.58,17.7,10.81,10.81,Vaishali Nagar Tech Corridor,3,0.3,8.57,-0.2898357940709932,2.723057731787204,0.785303989204426,0.6907493869769413
JPR0232,Golden Nest Retreat,Hostel,Girls,26.830734,75.801209,10500 per month,1,0,1,0,10500.0,1.73,5.06,11.09,1.73,MNIT Jaipur (JLN Marg),2,0.425,4.21,0.25692103307670155,-0.4278984631917064,-0.03272099955018445,-0.29940300787168
JPR0233,Golden Nest Address,Independent Flat,Boys,26.816793,75.801798,Rs. 6700,1,0,0,0,6700.0,3.04,4.73,12.42,3.04,MNIT Jaipur (JLN Marg),1,0.1875,4.21,-0.7819169385039184,0.026699842471550526,-0.8507459883047949,-0.29940300787168
JPR0234,Golden Nest Retreat,Hostel,Girls,26.912198,75.73702,"₹9,100/month",0,0,1,1,9100.0,10.83,15.46,0.02,0.02,Vaishali Nagar Tech Corridor,2,0.3375,5.16,-0.12580874592668476,-1.021305411805576,-0.03272099955018445,-0.08365879339778311
JPR0235,Comfort Stay,PG,Boys,26.829784,75.859052,Rs. 11600,1,0,0,1,11600.0,4.77,1.83,15.21,1.83,Jagatpura Education Belt,2,0.49375,3.68,0.5576372880079337,-0.3931963024540531,-0.03272099955018445,-0.4197655696308013
JPR0236,Urban Heights,Hostel,Co-ed,26.825313,75.851657,7300,1,1,0,0,7300.0,4.27,1.08,14.94,1.08,Jagatpura Education Belt,2,0.225,7.27,-0.6178898903596101,-0.6534625079864521,-0.03272099955018445,0.39552046190739815
JPR0237,Maple Stay,Hostel,Co-ed,26.81433,75.850646,INR 12400/month,1,1,1,1,12400.0,4.85,0.2,15.69,0.2,Jagatpura Education Belt,4,0.54375,6.74,0.7763400188670115,-0.9588415224778002,1.6033289779590365,0.2751579001482769
JPR0238,Elite Court,Hostel,Boys,26.839278,75.81152,17900,1,0,1,1,17900.0,0.36,4.58,10.99,0.36,MNIT Jaipur (JLN Marg),3,0.8875,3.2,2.2799212935231723,-0.9033180652975552,0.785303989204426,-0.5287731727334019
JPR0239,Maple House,PG,Girls,26.850432,75.784959,INR 10000/month,0,1,1,1,10000.0,2.93,7.46,8.37,2.93,MNIT Jaipur (JLN Marg),3,0.39375,6.76,0.12023182628977788,-0.011472534339867948,0.785303989204426,0.27969988361088516
JPR0240,Copper Leaf Palace,PG,Boys,26.844693,75.817897,INR 8000/month,1,0,1,1,8000.0,0.56,4.48,11.01,0.56,MNIT Jaipur (JLN Marg),3,0.26875,9.41,-0.4265250008579169,-0.8339137438222488,0.785303989204426,0.8815126924064922
JPR0241,Blue Orchid Stay,Hostel,Boys,26.773005,75.820015,10200,1,1,1,1,10200.0,7.73,5.58,17.55,5.58,Jagatpura Education Belt,4,0.40625,8.77,0.17490750900454735,0.9081347252079418,1.6033289779590365,0.7361692216030247
JPR0242,Urban Manor,PG,Co-ed,26.905425,75.686949,7700,1,0,1,1,7700.0,14.34,18.95,5.0,5.0,Vaishali Nagar Tech Corridor,3,0.25,10.0,-0.5085385249300711,0.7068621929295532,0.785303989204426,1.0155012045534386
JPR0243,Amber Residency,PG,Boys,26.955967,75.691434,Rs. 10800,0,0,0,1,10800.0,17.47,22.1,6.62,6.62,Vaishali Nagar Tech Corridor,1,0.44375,2.03,0.3389345571488558,1.269037196879535,-0.8507459883047949,-0.7944792052959906
JPR0244,Silver Oak Residency,PG,Girls,26.837734,75.793975,4900,1,1,1,0,4900.0,1.95,6.02,10.05,1.95,MNIT Jaipur (JLN Marg),3,0.075,24.0,-1.2739980829368438,-0.35155370956886933,0.785303989204426,4.194889628379287
JPR0245,Amber Enclave,Hostel,Co-ed,26.831881,75.762622,Rs. 9900,0,0,1,0,9900.0,5.13,8.79,9.3,5.13,MNIT Jaipur (JLN Marg),1,0.3875,2.29,0.09289398493239313,0.7519750018885023,-0.8507459883047949,-0.735433420282082
JPR0246,Golden Nest Court,Independent Flat,Co-ed,26.92638,75.754679,Rs. 13000,1,1,1,0,13000.0,11.0,15.47,2.37,2.37,Vaishali Nagar Tech Corridor,3,0.58125,4.75,0.94036706701132,-0.20580463447072586,0.785303989204426,-0.1767694543812544
JPR0247,Comfort Court,Hostel,Girls,26.945572,75.757348,Rs. 10700,0,1,1,0,10700.0,12.75,17.08,4.22,4.22,Vaishali Nagar Tech Corridor,2,0.4375,4.1,0.311596715791471,0.43618533917585817,-0.03272099955018445,-0.324383916916026
JPR0248,Copper Leaf Residency,PG,Girls,26.94686,75.80047,INR 6200/month,0,0,0,1,6200.0,11.7,15.36,7.39,7.39,Vaishali Nagar Tech Corridor,1,0.15625,4.85,-0.9186061452908422,1.5362438345594644,-0.8507459883047949,-0.1540595370682127
JPR0249,Maple Retreat,PG,Girls,26.929806,75.77951,INR 10500/month,0,1,1,0,10500.0,10.29,14.45,4.66,4.66,Vaishali Nagar Tech Corridor,2,0.425,4.21,0.25692103307670155,0.5888748464215323,-0.03272099955018445,-0.29940300787168
JPR0250,Silver Oak Stay,Independent Flat,Co-ed,26.891587,75.795809,7100,1,0,0,0,7100.0,5.75,9.96,6.29,5.75,MNIT Jaipur (JLN Marg),1,0.2125,3.81,-0.6725655730743795,0.9671283984619522,-0.8507459883047949,-0.390242677123847
JPR0251,Blue Orchid Homes,Independent Flat,Girls,26.938111,75.753101,INR 6400/month,0,0,0,0,6400.0,12.21,16.62,3.29,3.29,Vaishali Nagar Tech Corridor,0,0.16875,0.0,-0.8639304625760726,0.11345524431568352,-1.6687709770594055,-1.2554905267507386
JPR0252,Maple Nest,Independent Flat,Girls,26.842226,75.814571,7100,0,0,0,0,7100.0,0.16,4.54,10.96,0.16,MNIT Jaipur (JLN Marg),0,0.2125,0.0,-0.6725655730743795,-0.9727223867728615,-1.6687709770594055,-1.2554905267507386
JPR0253,Comfort Court,Hostel,Boys,26.7851,75.871792,INR 6100/month,1,1,1,0,6100.0,8.62,4.07,19.48,4.07,Jagatpura Education Belt,3,0.15,15.0,-0.9459439866482269,0.38413209806937854,0.785303989204426,2.1509970702055274
JPR0254,Sunrise Heights,PG,Boys,26.821309,75.848457,"₹9,500/month",1,0,1,1,9500.0,4.22,0.62,15.0,0.62,Jagatpura Education Belt,3,0.3625,7.27,-0.01645738049714581,-0.8130924473796568,0.785303989204426,0.39552046190739815
JPR0255,Comfort Homes,Hostel,Girls,26.846028,75.822441,"₹10,700/month",1,0,0,0,10700.0,1.03,4.3,11.25,1.03,MNIT Jaipur (JLN Marg),1,0.4375,2.05,0.311596715791471,-0.6708135883552787,-0.8507459883047949,-0.7899372218333823
JPR0256,Copper Leaf House,PG,Co-ed,26.823143,75.779941,3700,0,0,0,0,3700.0,3.91,6.94,10.8,3.91,MNIT Jaipur (JLN Marg),0,0.0,0.0,-1.6020521792254605,0.3286086408891334,-1.6687709770594055,-1.2554905267507386
JPR0257,Cozy Palace,PG,Co-ed,26.859603,75.80218,INR 15800/month,1,1,1,1,15800.0,2.21,6.76,8.74,2.21,MNIT Jaipur (JLN Marg),4,0.75625,4.96,1.7058266250180927,-0.26132809165097104,1.6033289779590365,-0.1290786280238667
JPR0258,Copper Leaf Residency,Hostel,Co-ed,26.819661,75.88116,INR 12700/month,1,1,0,0,12700.0,7.21,3.18,17.64,3.18,Jagatpura Education Belt,2,0.5625,3.27,0.8583535429391658,0.07528286750426505,-0.03272099955018445,-0.5128762306142727
JPR0259,Sunrise Villa,PG,Girls,26.940348,75.827111,Rs. 14400,1,0,1,1,14400.0,11.0,14.02,9.48,9.48,Vaishali Nagar Tech Corridor,3,0.66875,4.17,1.3230968460147063,2.2615189939764164,0.785303989204426,-0.3084869747968967
JPR0260,Sunrise Court,PG,Co-ed,26.919678,75.762017,4600 per month,1,1,0,1,4600.0,9.99,14.44,2.63,2.63,Vaishali Nagar Tech Corridor,3,0.05625,28.24,-1.356011607008998,-0.11557901655282764,0.785303989204426,5.1577901224522575
JPR0261,Serene Enclave,PG,Co-ed,26.935382,75.74942,8700,1,1,1,1,8700.0,12.13,16.59,2.86,2.86,Vaishali Nagar Tech Corridor,4,0.3125,11.03,-0.23516011135622372,-0.035764046856225286,1.6033289779590365,1.2494133528777687
JPR0262,Royal Point,PG,Girls,26.756744,75.73669,16700 per month,1,1,0,0,16700.0,12.15,12.97,17.3,12.15,MNIT Jaipur (JLN Marg),2,0.8125,2.32,1.9518671972345554,3.1880666856717568,-0.03272099955018445,-0.7286204450881695
JPR0263,Prime Court,Independent Flat,Boys,26.825264,75.837859,9100 per month,1,0,1,1,9100.0,3.1,1.56,13.93,1.56,Jagatpura Education Belt,3,0.3375,7.74,-0.12580874592668476,-0.48689213644571677,0.785303989204426,0.5022570732786946
JPR0264,Prime Court,PG,Girls,26.84086,75.780247,5600,1,0,0,0,5600.0,3.25,7.41,9.04,3.25,MNIT Jaipur (JLN Marg),1,0.11875,5.93,-1.0826331934351505,0.09957438002062223,-0.8507459883047949,0.09120756991263844
JPR0265,Comfort Stay,PG,Co-ed,26.843609,75.756106,INR 5100/month,1,0,1,0,5100.0,5.65,9.76,7.87,5.65,MNIT Jaipur (JLN Marg),2,0.0875,14.55,-1.2193224002220742,0.9324262377242991,-0.03272099955018445,2.0488024422968394
JPR0266,Serene Nest,PG,Boys,26.852612,75.812093,12200,1,1,1,1,12200.0,1.16,5.52,9.99,1.16,MNIT Jaipur (JLN Marg),4,0.53125,6.88,0.7216643361522421,-0.6257007793963296,1.6033289779590365,0.3069517843865353
JPR0267,Sunshine Point,PG,Co-ed,26.842818,75.812234,14700 per month,1,0,1,1,14700.0,0.1,4.76,10.75,0.1,MNIT Jaipur (JLN Marg),3,0.6875,4.07,1.4051103700868606,-0.9935436832154535,0.785303989204426,-0.3311968921099384
JPR0268,Ivory Heights,PG,Boys,26.797763,75.857606,INR 11300/month,0,0,1,1,11300.0,6.63,2.16,17.49,2.16,Jagatpura Education Belt,2,0.475,3.81,0.4756237639357795,-0.2786791720197976,-0.03272099955018445,-0.390242677123847
JPR0269,Maple House,Hostel,Girls,26.813205,75.815728,,0,0,1,1,9100.0,3.24,3.35,13.52,3.24,MNIT Jaipur (JLN Marg),2,0.3375,5.16,-0.12580874592668476,0.09610416394685699,-0.03272099955018445,-0.08365879339778311
JPR0270,Royal Nest,PG,Girls,26.853582,75.818927,7100,1,0,0,1,7100.0,1.4,5.18,10.44,1.4,MNIT Jaipur (JLN Marg),2,0.2125,7.62,-0.6725655730743795,-0.5424155936259619,-0.03272099955018445,0.47500517250304447
JPR0271,Silver Oak Retreat,Hostel,Girls,26.813731,75.863026,11400,1,0,1,0,11400.0,5.89,1.37,16.64,1.37,Jagatpura Education Belt,2,0.48125,3.76,0.5029616052931642,-0.5528262418472578,-0.03272099955018445,-0.401597635780368
JPR0272,Maple Heights,Independent Flat,Girls,26.929523,75.724941,INR 16800/month,1,0,0,1,16800.0,13.06,17.67,2.25,2.25,Vaishali Nagar Tech Corridor,2,0.81875,2.3,1.97920503859194,-0.24744722735590974,-0.03272099955018445,-0.7331624285507778
JPR0273,Copper Leaf Retreat,Hostel,Co-ed,26.796346,75.817053,,1,0,1,0,9100.0,5.11,3.87,15.15,3.87,Jagatpura Education Belt,2,0.3375,5.16,-0.12580874592668476,0.3147277765940721,-0.03272099955018445,-0.08365879339778311
JPR0274,Blue Orchid Villa,PG,Girls,26.888943,75.841285,"₹8,200/month",1,0,1,0,8200.0,5.91,8.17,10.68,5.91,MNIT Jaipur (JLN Marg),2,0.28125,6.04,-0.3718493181431474,1.0226518556421973,-0.03272099955018445,0.11618847895698446
JPR0275,Crimson Retreat,PG,Boys,26.815123,75.845922,INR 12300/month,1,0,1,1,12300.0,4.44,0.35,15.29,0.35,Jagatpura Education Belt,3,0.5375,5.11,0.7490021775096268,-0.9067882813713205,0.785303989204426,-0.09501375205430396
JPR0276,Blue Orchid Retreat,Independent Flat,Girls,26.838886,75.904089,Rs. 5100,0,0,0,0,5100.0,9.04,6.0,18.49,6.0,Jagatpura Education Belt,0,0.0875,0.0,-1.2193224002220742,1.053883800306085,-1.6687709770594055,-1.2554905267507386
JPR0277,Ivory Nest,Hostel,Boys,26.82181,75.848176,7900,1,0,1,1,7900.0,4.16,0.68,14.94,0.68,Jagatpura Education Belt,3,0.2625,9.6,-0.4538628422153016,-0.7922711509370649,0.785303989204426,0.9246615353012715
JPR0278,Blue Orchid Residency,Hostel,Boys,26.915042,75.732804,5800,0,0,0,1,5800.0,11.35,15.99,0.5,0.5,Vaishali Nagar Tech Corridor,1,0.13125,5.52,-1.027957510720381,-0.8547350402648407,-0.8507459883047949,-0.0019030910708328623
JPR0279,Sunshine Villa,Independent Flat,Boys,26.912566,75.753918,8400 per month,1,0,1,1,8400.0,9.78,14.33,1.7,1.7,Vaishali Nagar Tech Corridor,3,0.29375,8.73,-0.3171736354283779,-0.43830911141300233,0.785303989204426,0.7270852546778082
JPR0280,Silver Oak Address,Independent Flat,Co-ed,26.798813,75.830401,INR 8000/month,0,0,1,1,8000.0,5.12,2.67,15.67,2.67,Jagatpura Education Belt,2,0.26875,6.27,-0.4265250008579169,-0.10169815225776634,-0.03272099955018445,0.16842128877698043
JPR0281,Copper Leaf Point,Independent Flat,Girls,26.86326,75.759031,8500 per month,0,0,1,1,8500.0,5.84,10.4,5.88,5.84,MNIT Jaipur (JLN Marg),2,0.3,5.71,-0.2898357940709932,0.99836034312584,-0.03272099955018445,0.041245751823946596
JPR0282,Golden Nest Stay,Hostel,Girls,26.922766,75.756233,10200 per month,1,1,1,0,10200.0,10.58,15.06,2.25,2.25,Vaishali Nagar Tech Corridor,3,0.40625,6.58,0.17490750900454735,-0.24744722735590974,0.785303989204426,0.23882203244741004
JPR0283,Comfort Villa,PG,Boys,26.923267,75.734407,"₹6,400/month",1,0,0,0,6400.0,11.92,16.52,1.24,1.24,Vaishali Nagar Tech Corridor,1,0.16875,4.57,-0.8639304625760726,-0.597939050806207,-0.8507459883047949,-0.21764730554472952
JPR0284,Sunshine Nest,Independent Flat,Boys,26.908581,75.730517,13700,1,1,1,1,13700.0,11.02,15.67,0.75,0.75,Vaishali Nagar Tech Corridor,4,0.625,5.93,1.131731956513013,-0.7679796384207077,1.6033289779590365,0.09120756991263844
JPR0285,Golden Nest Enclave,Hostel,Co-ed,26.843502,75.803179,10100 per month,0,0,1,1,10100.0,0.99,5.52,10.09,0.99,MNIT Jaipur (JLN Marg),2,0.4,4.44,0.14756966764716262,-0.68469445265034,-0.03272099955018445,-0.2471701980516838
JPR0286,Ivory Enclave,PG,Girls,26.915403,75.736132,"₹5,800/month",1,0,0,0,5800.0,11.15,15.78,0.35,0.35,Vaishali Nagar Tech Corridor,1,0.13125,5.52,-1.027957510720381,-0.9067882813713205,-0.8507459883047949,-0.0019030910708328623
JPR0287,Green Valley House,Hostel,Co-ed,26.816992,75.864603,INR 8500/month,1,1,0,1,8500.0,5.84,1.51,16.52,1.51,Jagatpura Education Belt,3,0.3,8.57,-0.2898357940709932,-0.5042432168145434,0.785303989204426,0.6907493869769413
JPR0288,Cozy Manor,Hostel,Boys,26.816631,75.851087,8700 per month,1,1,1,0,8700.0,4.73,0.19,15.55,0.19,Jagatpura Education Belt,3,0.3125,8.28,-0.23516011135622372,-0.9623117385515656,0.785303989204426,0.62489062676912
JPR0289,Golden Nest Stay,Independent Flat,Boys,26.903712,75.752627,6700,0,0,1,1,6700.0,9.09,13.7,1.84,1.84,Vaishali Nagar Tech Corridor,2,0.1875,8.42,-0.7819169385039184,-0.38972608638028783,-0.03272099955018445,0.6566845110073786
JPR0290,Amber Palace,Hostel,Co-ed,26.876229,75.75556,11900 per month,1,1,1,0,11900.0,6.84,11.48,4.42,4.42,Vaishali Nagar Tech Corridor,3,0.5125,5.33,0.6396508120800879,0.5055896606511646,0.785303989204426,-0.04505193396561211
JPR0291,Blue Orchid Point,PG,Girls,26.811027,75.844555,INR 13200/month,1,0,0,0,13200.0,4.67,0.72,15.53,0.72,Jagatpura Education Belt,1,0.59375,1.55,0.9950427497260895,-0.7783902866420037,-0.8507459883047949,-0.9034868083985912
JPR0292,Silver Oak Manor,Independent Flat,Boys,26.829559,75.876249,6900 per month,1,1,1,0,6900.0,6.43,3.07,16.61,3.07,Jagatpura Education Belt,3,0.2,12.0,-0.727241255789149,0.03711049069284642,0.785303989204426,1.469699550814274
JPR0293,Zenith Heights,Hostel,Boys,26.846223,75.814058,12700,1,1,1,1,12700.0,0.46,4.87,10.62,0.46,MNIT Jaipur (JLN Marg),4,0.5625,6.53,0.8583535429391658,-0.868615904559902,1.6033289779590365,0.22746707379088918
JPR0294,Highland Villa,Hostel,Co-ed,26.80032,75.820567,"₹7,300/month",1,0,0,0,7300.0,4.72,3.34,14.97,3.34,Jagatpura Education Belt,1,0.225,3.64,-0.6178898903596101,0.13080632468451006,-0.8507459883047949,-0.42884953655601804
JPR0295,Urban Address,PG,Girls,26.823886,75.835918,6000,1,0,0,0,6000.0,3.05,1.61,13.9,1.61,Jagatpura Education Belt,1,0.14375,5.16,-0.9732818280056116,-0.4695410560768902,-0.8507459883047949,-0.08365879339778311
JPR0296,Highland Homes,PG,Girls,26.880584,75.715658,"₹5,300/month",1,0,0,0,5300.0,10.56,15.1,4.1,4.1,Vaishali Nagar Tech Corridor,1,0.1,6.67,-1.1646467175073048,0.39454274629067426,-0.8507459883047949,0.2592609580291476
JPR0297,Highland Nest,Hostel,Boys,26.828305,75.898598,Rs. 18200,1,1,1,1,18200.0,8.63,5.08,18.57,5.08,Jagatpura Education Belt,4,0.90625,4.18,2.3619348175953263,0.7346239215196758,1.6033289779590365,-0.30621598306559256
JPR0298,Ivory Homes,PG,Boys,26.841869,75.815973,11400,1,1,1,1,11400.0,0.3,4.4,11.09,0.3,MNIT Jaipur (JLN Marg),4,0.48125,7.53,0.5029616052931642,-0.9241393617401472,1.6033289779590365,0.4545662469213069
JPR0299,Silver Oak Heights,PG,Co-ed,26.814501,75.849111,5000,1,0,0,0,5000.0,4.72,0.15,15.57,0.15,Jagatpura Education Belt,1,0.08125,7.62,-1.246660241579459,-0.9761926028466269,-0.8507459883047949,0.47500517250304447
JPR0300,Royal House,Hostel,Boys,26.972537,75.753848,INR 9900/month,1,1,1,0,9900.0,15.63,19.84,6.91,6.91,Vaishali Nagar Tech Corridor,3,0.3875,6.86,0.09289398493239313,1.3696734630187293,0.785303989204426,0.30240980092392705
JPR0301,Sunshine Retreat,PG,Girls,26.909498,75.737773,8400 per month,0,1,0,1,8400.0,10.57,15.2,0.33,0.33,Vaishali Nagar Tech Corridor,2,0.29375,5.82,-0.3171736354283779,-0.9137287135188511,-0.03272099955018445,0.06622666086829261
JPR0302,Green Valley House,PG,Co-ed,26.791097,75.91211,"₹6,600/month",0,1,0,0,6600.0,11.36,6.8,22.0,6.8,Jagatpura Education Belt,1,0.18125,4.32,-0.8092547798613032,1.3315010862073107,-0.8507459883047949,-0.274422098827334
JPR0303,Sunrise Residency,PG,Boys,26.927699,75.741416,"₹19,100/month",1,1,1,0,19100.0,11.87,16.42,1.77,1.77,Vaishali Nagar Tech Corridor,3,0.9625,2.96,2.607975389811789,-0.4140175988966451,0.785303989204426,-0.5832769742847022
JPR0304,Urban Enclave,PG,Girls,26.845804,75.81266,INR 14500/month,1,1,1,1,14500.0,0.4,4.94,10.55,0.4,MNIT Jaipur (JLN Marg),4,0.675,5.52,1.3504346873720912,-0.8894372010024939,1.6033289779590365,-0.0019030910708328623
JPR0305,Amber Point,Hostel,Girls,26.917745,75.815629,INR 8300/month,1,0,1,0,8300.0,8.4,11.82,7.84,7.84,Vaishali Nagar Tech Corridor,2,0.2875,5.93,-0.34451147678576266,1.6924035578789038,-0.03272099955018445,0.09120756991263844
JPR0306,Blue Orchid Court,PG,Girls,26.959399,75.820606,16300 per month,1,1,1,1,16300.0,13.05,16.22,9.82,9.82,Vaishali Nagar Tech Corridor,4,0.7875,4.78,1.8425158318050163,2.379506340484437,1.6033289779590365,-0.16995647918734183
JPR0307,Cozy Homes,PG,Girls,26.772038,75.863733,7500 per month,1,0,1,1,7500.0,9.29,5.07,20.05,5.07,Jagatpura Education Belt,3,0.2375,10.43,-0.5632142076448405,0.7311537054459105,0.785303989204426,1.113153848999518
JPR0308,Cozy House,Hostel,Boys,26.799515,75.850681,12800,1,1,1,0,12800.0,6.04,1.82,16.88,1.82,Jagatpura Education Belt,3,0.56875,4.85,0.8856913842965505,-0.3966665185278185,0.785303989204426,-0.1540595370682127
JPR0309,Prime Residency,Independent Flat,Girls,26.928122,75.758153,Rs. 11400,0,0,1,0,11400.0,10.99,15.42,2.75,2.75,Vaishali Nagar Tech Corridor,1,0.48125,1.88,0.5029616052931642,-0.07393642366764376,-0.8507459883047949,-0.8285440812655532
JPR0310,Comfort Nest,Hostel,Girls,26.841956,75.813718,11500 per month,0,0,1,1,11500.0,0.08,4.58,10.93,0.08,MNIT Jaipur (JLN Marg),2,0.4875,3.72,0.530299446650549,-1.0004841153629842,-0.03272099955018445,-0.4106816027055846
JPR0311,Ivory Manor,PG,Girls,26.850384,75.84239,INR 6400/month,0,0,0,0,6400.0,3.05,3.91,12.53,3.05,MNIT Jaipur (JLN Marg),0,0.16875,0.0,-0.8639304625760726,0.030170058545315775,-1.6687709770594055,-1.2554905267507386
JPR0312,Elite Manor,PG,Boys,26.937056,75.731488,17800 per month,0,1,1,1,17800.0,13.29,17.85,2.8,2.8,Vaishali Nagar Tech Corridor,3,0.88125,3.22,2.2525834521657875,-0.056585343298817224,0.785303989204426,-0.5242311892707935
JPR0313,Silver Oak House,Independent Flat,Girls,26.841162,75.8108,"₹9,200/month",1,1,1,0,9200.0,0.25,4.76,10.79,0.25,MNIT Jaipur (JLN Marg),3,0.34375,7.62,-0.09847090456930002,-0.9414904421089737,0.785303989204426,0.47500517250304447
JPR0314,Blue Orchid Nest,PG,Co-ed,26.847625,75.870991,Rs. 6900,0,0,0,0,6900.0,5.78,4.14,15.13,4.14,Jagatpura Education Belt,0,0.2,0.0,-0.727241255789149,0.40842361058573556,-1.6687709770594055,-1.2554905267507386
JPR0315,Blue Orchid Homes,Hostel,Girls,26.814251,75.844796,7700,0,0,0,1,7700.0,4.43,0.49,15.28,0.49,Jagatpura Education Belt,1,0.25,3.33,-0.5085385249300711,-0.858205256338606,-0.8507459883047949,-0.4992502802264476
JPR0316,Golden Nest Palace,PG,Girls,26.854352,75.833729,"₹8,600/month",1,1,0,0,8600.0,2.46,4.56,11.57,2.46,MNIT Jaipur (JLN Marg),2,0.30625,5.61,-0.26249795271360843,-0.17457268980683804,-0.03272099955018445,0.018535834510904903
JPR0317,Urban Heights,PG,Girls,26.816311,75.813515,"₹10,400/month",0,0,0,0,10400.0,2.88,3.56,13.11,2.88,MNIT Jaipur (JLN Marg),0,0.41875,0.0,0.22958319171931682,-0.02882361470869464,-1.6687709770594055,-1.2554905267507386
JPR0318,Royal Manor,Hostel,Co-ed,26.830522,75.83159,Rs. 8500,1,1,0,1,8500.0,2.26,2.41,13.08,2.26,MNIT Jaipur (JLN Marg),3,0.3,8.57,-0.2898357940709932,-0.2439770112821445,0.785303989204426,0.6907493869769413
JPR0319,Golden Nest Address,Hostel,Co-ed,26.930994,75.740852,14900,1,0,1,0,14900.0,12.19,16.73,2.12,2.12,Vaishali Nagar Tech Corridor,2,0.7,2.67,1.45978605280163,-0.2925600363148589,-0.03272099955018445,-0.6491357344925233
JPR0320,Silver Oak Court,Hostel,Boys,26.889972,75.674103,INR 4300/month,0,0,0,1,4300.0,14.77,19.25,6.69,6.69,Vaishali Nagar Tech Corridor,1,0.0375,11.43,-1.4380251310811523,1.2933287093958923,-0.8507459883047949,1.3402530221299358
JPR0321,Crimson Manor,PG,Girls,26.84764,75.840828,9800,1,0,1,1,9800.0,2.83,3.64,12.58,2.83,MNIT Jaipur (JLN Marg),3,0.38125,6.96,0.0655561435750084,-0.04617469507752118,0.785303989204426,0.3251197182369687
JPR0322,Golden Nest Stay,PG,Boys,26.893266,75.753603,5600 per month,1,0,0,0,5600.0,8.18,12.83,2.69,2.69,Vaishali Nagar Tech Corridor,1,0.11875,5.93,-1.0826331934351505,-0.0947577201102357,-0.8507459883047949,0.09120756991263844
JPR0323,Comfort Manor,Hostel,Girls,26.930899,75.753316,"₹13,600/month",1,0,1,1,13600.0,11.5,15.96,2.64,2.64,Vaishali Nagar Tech Corridor,3,0.61875,4.49,1.1043941151556285,-0.11210880047906223,0.785303989204426,-0.23581523939516297
JPR0324,Sunshine Nest,Hostel,Boys,26.866355,75.8129,14100 per month,1,1,1,1,14100.0,2.69,6.69,9.11,2.69,MNIT Jaipur (JLN Marg),4,0.65,5.71,1.241083321942552,-0.0947577201102357,1.6033289779590365,0.041245751823946596
JPR0325,Ivory Palace,PG,Co-ed,26.760607,75.894978,INR 9800/month,1,0,1,1,9800.0,12.19,7.62,23.04,7.62,Jagatpura Education Belt,3,0.38125,6.96,0.0655561435750084,1.616058804256067,0.785303989204426,0.3251197182369687
JPR0326,Zenith Homes,PG,Boys,26.823895,75.839832,11000 per month,1,1,0,0,11000.0,3.35,1.31,14.18,1.31,Jagatpura Education Belt,2,0.45625,3.95,0.39361023986362526,-0.5736475382898498,-0.03272099955018445,-0.35844879288558856
JPR0327,Comfort Manor,PG,Girls,26.784453,75.833669,6700,0,0,0,0,6700.0,6.74,3.82,17.16,3.82,Jagatpura Education Belt,0,0.1875,0.0,-0.7819169385039184,0.2973766962252454,-1.6687709770594055,-1.2554905267507386
JPR0328,Serene Enclave,Independent Flat,Girls,26.864025,75.789597,9800 per month,0,0,0,0,9800.0,3.36,8.0,7.5,3.36,MNIT Jaipur (JLN Marg),0,0.38125,0.0,0.0655561435750084,0.1377467568320407,-1.6687709770594055,-1.2554905267507386
JPR0329,Cozy Homes,Hostel,Boys,26.906874,75.748375,INR 13600/month,1,1,0,1,13600.0,9.63,14.25,1.3,1.3,Vaishali Nagar Tech Corridor,3,0.61875,4.49,1.1043941151556285,-0.5771177543636151,0.785303989204426,-0.23581523939516297
JPR0330,Urban Court,Independent Flat,Co-ed,26.824619,75.82342,INR 10100/month,1,0,1,1,10100.0,2.21,2.76,13.0,2.21,MNIT Jaipur (JLN Marg),3,0.4,6.67,0.14756966764716262,-0.26132809165097104,0.785303989204426,0.2592609580291476
JPR0331,Cozy Homes,PG,Co-ed,26.825375,75.814767,INR 6800/month,0,0,0,0,6800.0,1.88,3.6,12.38,1.88,MNIT Jaipur (JLN Marg),0,0.19375,0.0,-0.7545790971465337,-0.37584522208522664,-1.6687709770594055,-1.2554905267507386
JPR0332,Cozy Villa,Independent Flat,Girls,26.847526,75.799854,12000,0,0,1,0,12000.0,1.43,6.05,9.54,1.43,MNIT Jaipur (JLN Marg),1,0.51875,1.76,0.6669886534374726,-0.532004945404666,-0.8507459883047949,-0.8557959820412034
JPR0333,Highland Stay,PG,Girls,26.813027,75.848508,INR 18100/month,1,0,0,1,18100.0,4.79,0.32,15.64,0.32,Jagatpura Education Belt,2,0.9,2.11,2.3345969762379415,-0.9171989295926165,-0.03272099955018445,-0.7763112714455572
JPR0334,Crimson Heights,Hostel,Boys,26.842141,75.81313,"₹5,300/month",1,0,0,0,5300.0,0.01,4.64,10.87,0.01,MNIT Jaipur (JLN Marg),1,0.1,6.67,-1.1646467175073048,-1.0247756278793414,-0.8507459883047949,0.2592609580291476
JPR0335,Green Valley Stay,Hostel,Girls,26.904131,75.743799,INR 5900/month,0,1,0,0,5900.0,9.72,14.36,1.14,1.14,Vaishali Nagar Tech Corridor,1,0.1375,5.33,-1.0006196693629963,-0.6326412115438603,-0.8507459883047949,-0.04505193396561211
JPR0336,Blue Orchid Homes,PG,Boys,26.821722,75.832339,11800 per month,1,0,1,0,11800.0,2.98,1.82,13.83,1.82,Jagatpura Education Belt,2,0.50625,3.6,0.6123129707227032,-0.3966665185278185,-0.03272099955018445,-0.4379335034812348
JPR0337,Amber Retreat,PG,Girls,26.848713,75.73226,12200 per month,1,1,1,1,12200.0,8.04,12.19,7.08,7.08,Vaishali Nagar Tech Corridor,4,0.53125,6.88,0.7216643361522421,1.4286671362727397,1.6033289779590365,0.3069517843865353
JPR0338,Blue Orchid Address,PG,Co-ed,26.843698,75.824673,6200 per month,0,0,0,1,6200.0,1.17,3.96,11.58,1.17,MNIT Jaipur (JLN Marg),1,0.15625,4.85,-0.9186061452908422,-0.6222305633225643,-0.8507459883047949,-0.1540595370682127
JPR0339,Amber Nest,PG,Boys,26.840837,75.811839,7200,0,1,0,1,7200.0,0.19,4.65,10.89,0.19,MNIT Jaipur (JLN Marg),2,0.21875,7.44,-0.6452277317169948,-0.9623117385515656,-0.03272099955018445,0.4341273213395693
JPR0340,Silver Oak Homes,Hostel,Co-ed,26.894132,75.717789,4800 per month,0,0,1,0,4800.0,11.07,15.69,2.76,2.76,Vaishali Nagar Tech Corridor,1,0.06875,8.42,-1.3013359242942284,-0.07046620759387852,-0.8507459883047949,0.6566845110073786
JPR0341,Sunrise Enclave,Hostel,Boys,26.90209,75.747582,7000,1,0,1,0,7000.0,9.3,13.93,1.56,1.56,Vaishali Nagar Tech Corridor,2,0.20625,7.8,-0.6999034144317643,-0.48689213644571677,-0.03272099955018445,0.5158830236665196
JPR0342,Copper Leaf Retreat,Hostel,Co-ed,26.771297,75.843393,10100,0,1,1,0,10100.0,8.44,4.98,18.91,4.98,Jagatpura Education Belt,2,0.4,4.44,0.14756966764716262,0.6999217607820227,-0.03272099955018445,-0.2471701980516838
JPR0343,Golden Nest Residency,Hostel,Boys,26.926802,75.739443,INR 12600/month,1,0,0,1,12600.0,11.9,16.47,1.63,1.63,Vaishali Nagar Tech Corridor,2,0.55625,3.3,0.8310157015817811,-0.46260062392935963,-0.03272099955018445,-0.5060632554203601
JPR0344,Serene Nest,Hostel,Girls,26.905439,75.744008,"₹9,300/month",0,0,0,0,9300.0,9.81,14.44,1.05,1.05,Vaishali Nagar Tech Corridor,0,0.35,0.0,-0.07113306321191529,-0.6638731562077481,-1.6687709770594055,-1.2554905267507386
JPR0345,Comfort Address,PG,Boys,26.805763,75.843201,INR 10500/month,1,1,0,0,10500.0,5.04,1.27,15.87,1.27,Jagatpura Education Belt,2,0.425,4.21,0.25692103307670155,-0.5875284025849111,-0.03272099955018445,-0.29940300787168
JPR0346,Blue Orchid Stay,PG,Co-ed,26.898921,75.724717,,1,0,0,0,9100.0,10.79,15.44,1.91,1.91,Vaishali Nagar Tech Corridor,1,0.3375,2.58,-0.12580874592668476,-0.36543457386393063,-0.8507459883047949,-0.6695746600742608
JPR0347,Copper Leaf Nest,Independent Flat,Girls,26.854769,75.779282,19700,1,1,1,1,19700.0,3.63,8.2,7.66,3.63,MNIT Jaipur (JLN Marg),4,1.0,3.81,2.7720024379560972,0.23144259082370433,1.6033289779590365,-0.390242677123847
JPR0348,Prime Nest,PG,Boys,26.869614,75.804183,10900,1,1,1,0,10900.0,3.17,7.48,8.2,3.17,MNIT Jaipur (JLN Marg),3,0.45,6.0,0.3662723985062405,0.07181265143049964,0.785303989204426,0.10710451203176774
JPR0349,Royal Nest,Hostel,Girls,26.815938,75.849838,12900 per month,1,1,1,1,12900.0,4.68,0.05,15.51,0.05,Jagatpura Education Belt,4,0.575,6.4,0.9130292256539353,-1.0108947635842802,1.6033289779590365,0.1979441812839349
JPR0350,Highland House,PG,Girls,26.815697,75.849247,10300 per month,0,1,0,0,10300.0,4.65,0.02,15.49,0.02,Jagatpura Education Belt,1,0.4125,2.16,0.20224535036193209,-1.021305411805576,-0.8507459883047949,-0.7649563127890363
JPR0351,Maple Nest,Hostel,Girls,26.817905,75.906968,INR 5000/month,0,1,0,0,5000.0,9.71,5.72,19.88,5.72,Jagatpura Education Belt,1,0.08125,7.62,-1.246660241579459,0.9567177502406561,-0.8507459883047949,0.47500517250304447
JPR0352,Sunshine Residency,Hostel,Co-ed,26.953948,75.693259,Rs. 10400,0,0,1,1,10400.0,17.19,21.81,6.33,6.33,Vaishali Nagar Tech Corridor,2,0.41875,4.27,0.22958319171931682,1.1684009307403407,-0.03272099955018445,-0.285777057483855
JPR0353,Prime Villa,PG,Girls,26.875725,75.792062,Rs. 4200,1,1,1,0,4200.0,4.27,8.76,6.82,4.27,MNIT Jaipur (JLN Marg),3,0.03125,36.92,-1.4653629724385369,0.4535364195446847,0.785303989204426,7.129010945224284
JPR0354,Maple Palace,PG,Boys,26.839801,75.813239,11000 per month,1,1,1,1,11000.0,0.27,4.47,11.07,0.27,MNIT Jaipur (JLN Marg),4,0.45625,7.9,0.39361023986362526,-0.9345500099614431,1.6033289779590365,0.5385929409795615
JPR0355,Blue Orchid Heights,Hostel,Boys,26.814347,75.85671,Rs. 7200,1,1,0,0,7200.0,5.33,0.74,16.13,0.74,Jagatpura Education Belt,2,0.21875,7.44,-0.6452277317169948,-0.771449854494473,-0.03272099955018445,0.4341273213395693
JPR0356,Sunshine Manor,PG,Girls,26.915004,75.728037,7600 per month,1,0,0,1,7600.0,11.69,16.33,0.92,0.92,Vaishali Nagar Tech Corridor,2,0.24375,6.81,-0.5358763662874558,-0.7089859651666973,-0.03272099955018445,0.291054842267406
JPR0357,Blue Orchid Court,PG,Girls,26.905744,75.754934,17900,1,1,1,1,17900.0,9.12,13.71,1.94,1.94,Vaishali Nagar Tech Corridor,4,0.8875,4.27,2.2799212935231723,-0.3550239256426347,1.6033289779590365,-0.285777057483855
JPR0358,Prime Point,Hostel,Boys,26.837719,75.789746,INR 6600/month,1,0,0,1,6600.0,2.36,6.4,9.82,2.36,MNIT Jaipur (JLN Marg),2,0.18125,8.65,-0.8092547798613032,-0.20927485054449127,-0.03272099955018445,0.7089173208273748
JPR0359,Amber Homes,PG,Boys,26.809977,75.770981,"₹15,900/month",1,0,1,1,15900.0,5.5,7.81,11.87,5.5,MNIT Jaipur (JLN Marg),3,0.7625,3.69,1.7331644663754775,0.8803729966178192,0.785303989204426,-0.4174945778994972
JPR0360,Zenith Villa,Independent Flat,Girls,26.843427,75.815979,INR 6800/month,1,1,0,1,6800.0,0.33,4.52,10.97,0.33,MNIT Jaipur (JLN Marg),3,0.19375,12.31,-0.7545790971465337,-0.9137287135188511,0.785303989204426,1.5401002944847035
JPR0361,Sunshine Point,Hostel,Co-ed,26.923049,75.763031,7700 per month,1,0,0,1,7700.0,10.27,14.68,2.86,2.86,Vaishali Nagar Tech Corridor,2,0.25,6.67,-0.5085385249300711,-0.035764046856225286,-0.03272099955018445,0.2592609580291476
JPR0362,Copper Leaf Manor,PG,Boys,26.837931,75.794819,10500 per month,1,0,0,1,10500.0,1.87,5.95,10.07,1.87,MNIT Jaipur (JLN Marg),2,0.425,4.21,0.25692103307670155,-0.3793154381589919,-0.03272099955018445,-0.29940300787168
JPR0363,Comfort Homes,Hostel,Girls,26.839879,75.811829,INR 11900/month,1,1,1,1,11900.0,0.28,4.59,10.96,0.28,MNIT Jaipur (JLN Marg),4,0.5125,7.11,0.6396508120800879,-0.9310797938876777,1.6033289779590365,0.3591845942065315
JPR0364,Sunrise Enclave,Hostel,Co-ed,26.822297,75.847673,7400 per month,0,0,0,0,7400.0,4.09,0.74,14.87,0.74,Jagatpura Education Belt,0,0.23125,0.0,-0.5905520490022252,-0.771449854494473,-1.6687709770594055,-1.2554905267507386
JPR0365,Cozy Stay,PG,Girls,26.85638,75.857318,Rs. 6800,1,0,0,0,6800.0,4.67,4.58,13.47,4.58,Jagatpura Education Belt,1,0.19375,4.1,-0.7545790971465337,0.5611131178314098,-0.8507459883047949,-0.324383916916026
JPR0366,Elite Manor,PG,Boys,26.92963,75.742237,Rs. 6200,0,1,1,0,6200.0,11.99,16.53,2.0,2.0,Vaishali Nagar Tech Corridor,2,0.15625,9.7,-0.9186061452908422,-0.33420262920004273,-0.03272099955018445,0.9473714526143131
JPR0367,Crimson Retreat,PG,Girls,26.889293,75.889309,4300 per month,0,1,1,0,4300.0,9.2,9.08,15.34,9.08,Jagatpura Education Belt,2,0.0375,22.86,-1.4380251310811523,2.1227103510258036,-0.03272099955018445,3.9359965710106106
JPR0368,Comfort Point,PG,Co-ed,26.882355,75.860222,11300 per month,1,1,0,1,11300.0,6.47,7.48,12.68,6.47,MNIT Jaipur (JLN Marg),3,0.475,5.71,0.4756237639357795,1.216983955773055,0.785303989204426,0.041245751823946596
JPR0369,Blue Orchid Villa,PG,Boys,26.848867,75.866906,Rs. 14200,1,0,1,0,14200.0,5.4,4.07,14.71,4.07,Jagatpura Education Belt,2,0.65625,2.83,1.268421163299937,0.38413209806937854,-0.03272099955018445,-0.6127998667916564
JPR0370,Zenith Residency,PG,Girls,26.908185,75.732935,15300 per month,1,1,1,1,15300.0,10.81,15.46,0.6,0.6,Vaishali Nagar Tech Corridor,4,0.725,5.16,1.569137418231169,-0.8200328795271875,1.6033289779590365,-0.08365879339778311
JPR0371,Comfort Villa,PG,Boys,26.91868,75.725504,7800 per month,1,0,1,1,7800.0,12.15,16.79,1.33,1.33,Vaishali Nagar Tech Corridor,3,0.25625,9.8,-0.48120068357268636,-0.5667071061423191,0.785303989204426,0.9700813699273553
JPR0372,Comfort Retreat,Hostel,Boys,26.784419,75.895671,INR 10600/month,1,1,1,0,10600.0,10.42,5.77,21.23,5.77,Jagatpura Education Belt,3,0.43125,6.23,0.2842588744340863,0.9740688306094827,0.785303989204426,0.1593373218517639
JPR0373,Highland Palace,Hostel,Girls,26.816961,75.842703,"₹9,000/month",0,0,1,1,9000.0,4.07,0.68,14.92,0.68,Jagatpura Education Belt,2,0.33125,5.25,-0.1531465872840695,-0.7922711509370649,-0.03272099955018445,-0.06321986781604555
JPR0374,Sunrise Homes,Hostel,Girls,26.818988,75.842121,,1,1,0,0,9100.0,3.87,0.8,14.72,0.8,Jagatpura Education Belt,2,0.3375,5.16,-0.12580874592668476,-0.7506285580518812,-0.03272099955018445,-0.08365879339778311
JPR0375,Green Valley Residency,Hostel,Boys,26.836053,75.800912,INR 12200/month,1,0,1,1,12200.0,1.38,5.31,10.6,1.38,MNIT Jaipur (JLN Marg),3,0.53125,5.16,0.7216643361522421,-0.5493560257734926,0.785303989204426,-0.08365879339778311
JPR0376,Prime Homes,Hostel,Girls,26.840589,75.811221,"₹9,800/month",1,0,0,1,9800.0,0.25,4.69,10.87,0.25,MNIT Jaipur (JLN Marg),2,0.38125,4.64,0.0655561435750084,-0.9414904421089737,-0.03272099955018445,-0.20175036342560043
JPR0377,Crimson Court,Hostel,Girls,26.804218,75.841547,7900 per month,0,0,1,0,7900.0,5.09,1.51,15.89,1.51,Jagatpura Education Belt,1,0.2625,3.2,-0.4538628422153016,-0.5042432168145434,-0.8507459883047949,-0.5287731727334019
JPR0378,Blue Orchid Villa,Hostel,Girls,26.841859,75.808373,6700 per month,1,1,0,0,6700.0,0.46,5.0,10.57,0.46,MNIT Jaipur (JLN Marg),2,0.1875,8.42,-0.7819169385039184,-0.868615904559902,-0.03272099955018445,0.6566845110073786
JPR0379,Royal Residency,PG,Girls,26.825081,75.898436,INR 7800/month,1,1,0,0,7800.0,8.69,4.97,18.74,4.97,Jagatpura Education Belt,2,0.25625,6.53,-0.48120068357268636,0.6964515447082571,-0.03272099955018445,0.22746707379088918
JPR0380,Ivory Stay,Independent Flat,Boys,26.914541,75.737176,10500 per month,0,1,0,1,10500.0,11.01,15.64,0.25,0.25,Vaishali Nagar Tech Corridor,2,0.425,4.21,0.25692103307670155,-0.9414904421089737,-0.03272099955018445,-0.29940300787168
JPR0381,Maple Homes,PG,Co-ed,26.797709,75.833244,14800,1,1,1,1,14800.0,5.34,2.57,15.93,2.57,Jagatpura Education Belt,4,0.69375,5.38,1.4324482114442452,-0.13640031299541958,1.6033289779590365,-0.03369697530909127
JPR0382,Maple Enclave,PG,Girls,26.914317,75.756656,INR 10900/month,1,1,1,0,10900.0,9.77,14.31,1.98,1.98,Vaishali Nagar Tech Corridor,3,0.45,6.0,0.3662723985062405,-0.3411430613475734,0.785303989204426,0.10710451203176774
JPR0383,Copper Leaf Homes,Hostel,Girls,26.832944,75.806,"₹6,100/month",0,0,1,0,6100.0,1.24,4.71,11.18,1.24,MNIT Jaipur (JLN Marg),1,0.15,5.0,-0.9459439866482269,-0.597939050806207,-0.8507459883047949,-0.11999466109864998
JPR0384,Amber Manor,PG,Co-ed,26.859289,75.897313,INR 17000/month,1,1,1,1,17000.0,8.58,6.78,16.98,6.78,Jagatpura Education Belt,4,0.83125,4.54,2.0338807213067094,1.3245606540597803,1.6033289779590365,-0.22446028073864213
JPR0385,Amber Retreat,PG,Boys,26.841084,75.809515,Rs. 7900,0,0,0,0,7900.0,0.37,4.85,10.71,0.37,MNIT Jaipur (JLN Marg),0,0.2625,0.0,-0.4538628422153016,-0.8998478492237898,-1.6687709770594055,-1.2554905267507386
JPR0386,Comfort Retreat,Hostel,Boys,26.9018,75.742505,INR 12200/month,1,0,0,0,12200.0,9.63,14.28,1.3,1.3,Vaishali Nagar Tech Corridor,1,0.53125,1.72,0.7216643361522421,-0.5771177543636151,-0.8507459883047949,-0.8648799489664202
JPR0387,Golden Nest Villa,Hostel,Girls,26.902223,75.70693,6000 per month,0,0,0,0,6000.0,12.46,17.09,3.17,3.17,Vaishali Nagar Tech Corridor,0,0.14375,0.0,-0.9732818280056116,0.07181265143049964,-1.6687709770594055,-1.2554905267507386
JPR0388,Ivory Retreat,Hostel,Girls,26.986152,75.823232,9400 per month,1,1,1,0,9400.0,16.04,19.12,11.87,11.87,Vaishali Nagar Tech Corridor,3,0.35625,7.38,-0.043795221854530546,3.090900635606327,0.785303989204426,0.42050137095174417
JPR0389,Cozy House,Hostel,Co-ed,26.841803,75.810261,18300,1,1,1,1,18300.0,0.28,4.84,10.7,0.28,MNIT Jaipur (JLN Marg),4,0.9125,4.16,2.389272658952711,-0.9310797938876777,1.6033289779590365,-0.3107579665282008
JPR0390,Zenith Villa,PG,Co-ed,26.839258,75.83455,5900,0,1,0,0,5900.0,2.16,3.0,12.65,2.16,MNIT Jaipur (JLN Marg),1,0.1375,5.33,-1.0006196693629963,-0.2786791720197976,-0.8507459883047949,-0.04505193396561211
JPR0391,Cozy Retreat,PG,Boys,26.767472,75.698845,17300,1,0,1,1,17300.0,14.05,15.88,16.54,14.05,MNIT Jaipur (JLN Marg),3,0.85,3.33,2.115894245378864,3.847407739687168,0.785303989204426,-0.4992502802264476
JPR0392,Urban Address,Hostel,Girls,26.86027,75.865957,"₹5,700/month",1,0,0,0,5700.0,5.62,5.21,14.06,5.21,Jagatpura Education Belt,1,0.125,5.71,-1.055295352077766,0.7797367304786249,-0.8507459883047949,0.041245751823946596
JPR0393,Sunshine Heights,PG,Girls,26.913586,75.746561,16100,1,1,1,1,16100.0,10.32,14.91,0.98,0.98,Vaishali Nagar Tech Corridor,4,0.775,4.85,1.787840149090247,-0.6881646687241053,1.6033289779590365,-0.1540595370682127
JPR0394,Ivory Nest,Hostel,Boys,26.921251,75.741479,"₹10,800/month",1,1,1,0,10800.0,11.3,15.88,1.1,1.1,Vaishali Nagar Tech Corridor,3,0.44375,6.08,0.3389345571488558,-0.6465220758389215,0.785303989204426,0.12527244588220118
JPR0395,Zenith House,PG,Co-ed,26.830821,75.857014,15800,1,1,0,1,15800.0,4.55,1.83,14.98,1.83,Jagatpura Education Belt,3,0.75625,3.72,1.7058266250180927,-0.3931963024540531,0.785303989204426,-0.4106816027055846
JPR0396,Maple Villa,PG,Co-ed,26.926078,75.731417,"₹5,000/month",0,0,1,0,5000.0,12.35,16.95,1.62,1.62,Vaishali Nagar Tech Corridor,1,0.08125,7.62,-1.246660241579459,-0.4660708400031249,-0.8507459883047949,0.47500517250304447
JPR0397,Green Valley Point,Hostel,Girls,26.868803,75.873617,INR 13700/month,1,1,1,1,13700.0,6.7,6.36,14.4,6.36,Jagatpura Education Belt,4,0.625,5.93,1.131731956513013,1.1788115789616367,1.6033289779590365,0.09120756991263844
JPR0398,Silver Oak Retreat,Hostel,Boys,26.889105,75.731335,INR 8500/month,1,0,1,0,8500.0,9.63,14.27,2.64,2.64,Vaishali Nagar Tech Corridor,2,0.3,5.71,-0.2898357940709932,-0.11210880047906223,-0.03272099955018445,0.041245751823946596
JPR0399,Ivory Retreat,Hostel,Boys,26.907901,75.745386,7300 per month,1,0,1,0,7300.0,9.92,14.54,0.98,0.98,Vaishali Nagar Tech Corridor,2,0.225,7.27,-0.6178898903596101,-0.6881646687241053,-0.03272099955018445,0.39552046190739815
JPR0400,Blue Orchid Manor,PG,Boys,26.937218,75.735771,"₹18,000/month",1,1,1,1,18000.0,13.05,17.59,2.77,2.77,Vaishali Nagar Tech Corridor,4,0.89375,4.24,2.3072591348805567,-0.06699599152011311,1.6033289779590365,-0.2925900326777674
JPR0401,Cozy Address,PG,Co-ed,26.792972,75.839683,Rs. 4800,1,0,0,0,4800.0,6.08,2.72,16.74,2.72,Jagatpura Education Belt,1,0.06875,8.42,-1.3013359242942284,-0.08434707188893965,-0.8507459883047949,0.6566845110073786
JPR0402,Urban House,PG,Boys,26.910743,75.782345,18000 per month,1,0,1,1,18000.0,8.21,12.48,4.52,4.52,Vaishali Nagar Tech Corridor,3,0.89375,3.18,2.3072591348805567,0.5402918213888177,0.785303989204426,-0.5333151561960102
JPR0403,Comfort Residency,PG,Co-ed,26.911009,75.736202,INR 5400/month,1,0,1,0,5400.0,10.8,15.43,0.16,0.16,Vaishali Nagar Tech Corridor,2,0.10625,12.8,-1.1373088761499202,-0.9727223867728615,-0.03272099955018445,1.6513788893186083
JPR0404,Highland Manor,PG,Girls,26.944503,75.808012,"₹10,100/month",1,0,0,0,10100.0,11.39,14.89,7.92,7.92,Vaishali Nagar Tech Corridor,1,0.4,2.22,0.14756966764716262,1.7201652864690264,-0.8507459883047949,-0.7513303624012112
JPR0405,Prime Heights,PG,Girls,26.920304,75.764987,8200,0,0,1,1,8200.0,9.9,14.32,2.93,2.93,Vaishali Nagar Tech Corridor,2,0.28125,6.04,-0.3718493181431474,-0.011472534339867948,-0.03272099955018445,0.11618847895698446
JPR0406,Golden Nest House,Hostel,Girls,26.867882,75.701269,Rs. 5600,0,0,1,0,5600.0,11.45,15.8,6.07,6.07,Vaishali Nagar Tech Corridor,1,0.11875,5.93,-1.0826331934351505,1.0781753128224425,-0.8507459883047949,0.09120756991263844
JPR0407,Comfort Court,PG,Girls,26.912822,75.721694,INR 4300/month,1,0,0,0,4300.0,11.99,16.64,1.5,1.5,Vaishali Nagar Tech Corridor,1,0.0375,11.43,-1.4380251310811523,-0.5077134328883087,-0.8507459883047949,1.3402530221299358
JPR0408,Golden Nest Residency,Hostel,Girls,26.907399,75.727519,7500 per month,0,0,0,0,7500.0,11.16,15.81,1.07,1.07,Vaishali Nagar Tech Corridor,0,0.2375,0.0,-0.5632142076448405,-0.6569327240602174,-1.6687709770594055,-1.2554905267507386
JPR0409,Zenith Stay,Independent Flat,Co-ed,26.924999,75.883979,"₹9,400/month",1,1,0,0,9400.0,11.59,12.62,14.66,11.59,MNIT Jaipur (JLN Marg),2,0.35625,4.92,-0.043795221854530546,2.993734585540899,-0.03272099955018445,-0.13816259494908342
JPR0410,Green Valley Retreat,PG,Girls,26.837343,75.816991,Rs. 5800,0,1,1,0,5800.0,0.67,4.01,11.52,0.67,MNIT Jaipur (JLN Marg),2,0.13125,11.03,-1.027957510720381,-0.7957413670108303,-0.03272099955018445,1.2494133528777687
JPR0411,Royal Manor,PG,Girls,26.81952,75.849203,"₹12,600/month",1,0,1,1,12600.0,4.39,0.41,15.19,0.41,Jagatpura Education Belt,3,0.55625,4.95,0.8310157015817811,-0.8859669849287285,0.785303989204426,-0.13134961975517082
JPR0412,Sunrise Manor,PG,Girls,26.95394,75.798791,4500,0,0,0,1,4500.0,12.5,16.16,7.69,7.69,Vaishali Nagar Tech Corridor,1,0.05,10.0,-1.3833494483663826,1.6403503167724243,-0.8507459883047949,1.0155012045534386
JPR0413,Blue Orchid Address,Hostel,Boys,26.935247,75.794611,5400 per month,0,0,0,0,5400.0,10.51,14.35,6.27,6.27,Vaishali Nagar Tech Corridor,0,0.10625,0.0,-1.1373088761499202,1.1475796342977487,-1.6687709770594055,-1.2554905267507386
JPR0414,Cozy Heights,PG,Girls,26.860845,75.826101,,1,0,1,0,9100.0,2.45,5.52,10.54,2.45,MNIT Jaipur (JLN Marg),2,0.3375,5.16,-0.12580874592668476,-0.17804290588060329,-0.03272099955018445,-0.08365879339778311
JPR0415,Blue Orchid Point,PG,Co-ed,26.837832,75.874943,INR 5900/month,0,0,0,0,5900.0,6.16,3.53,16.01,3.53,Jagatpura Education Belt,0,0.1375,0.0,-1.0006196693629963,0.1967404300860511,-1.6687709770594055,-1.2554905267507386
JPR0416,Serene Stay,Hostel,Boys,26.850074,75.76974,14900 per month,0,1,1,1,14900.0,4.38,8.77,7.65,4.38,MNIT Jaipur (JLN Marg),3,0.7,4.0,1.45978605280163,0.4917087963561033,0.785303989204426,-0.3470938342290677
JPR0417,Crimson House,PG,Boys,26.869269,75.820014,INR 12400/month,1,1,1,1,12400.0,3.09,6.62,9.54,3.09,MNIT Jaipur (JLN Marg),4,0.54375,6.74,0.7763400188670115,0.044050922840377066,1.6033289779590365,0.2751579001482769
JPR0418,Sunshine Heights,Hostel,Boys,26.841531,75.822085,"₹8,300/month",1,0,0,0,8300.0,0.9,3.94,11.55,0.9,MNIT Jaipur (JLN Marg),1,0.2875,2.96,-0.34451147678576266,-0.7159263973142279,-0.8507459883047949,-0.5832769742847022
JPR0419,Comfort Point,Hostel,Girls,26.85077,75.818898,8300 per month,0,0,1,0,8300.0,1.12,4.93,10.64,1.12,MNIT Jaipur (JLN Marg),1,0.2875,2.96,-0.34451147678576266,-0.6395816436913908,-0.8507459883047949,-0.5832769742847022
JPR0420,Golden Nest Heights,Hostel,Boys,26.853572,75.713647,INR 14200/month,1,1,1,1,14200.0,9.94,14.11,6.92,6.92,Vaishali Nagar Tech Corridor,4,0.65625,5.66,1.268421163299937,1.3731436790924945,1.6033289779590365,0.029890793167425746
JPR0421,Amber Enclave,PG,Girls,26.905749,75.742353,6200,0,0,0,1,6200.0,9.95,14.59,0.91,0.91,Vaishali Nagar Tech Corridor,1,0.15625,4.85,-0.9186061452908422,-0.7124561812404625,-0.8507459883047949,-0.1540595370682127
JPR0422,Urban Villa,Independent Flat,Boys,26.831429,75.80416,5300,0,0,0,0,5300.0,1.48,4.81,11.2,1.48,MNIT Jaipur (JLN Marg),0,0.1,0.0,-1.1646467175073048,-0.5146538650358393,-1.6687709770594055,-1.2554905267507386
JPR0423,Comfort Nest,Hostel,Boys,26.830079,75.840524,"₹6,400/month",1,1,0,0,6400.0,3.05,1.82,13.76,1.82,Jagatpura Education Belt,2,0.16875,9.14,-0.8639304625760726,-0.3966665185278185,-0.03272099955018445,0.8201959156612795
JPR0424,Green Valley Retreat,PG,Girls,26.831256,75.848546,8100 per month,1,0,0,0,8100.0,3.73,1.72,14.29,1.72,Jagatpura Education Belt,1,0.275,3.08,-0.39918715950053213,-0.4313686792654717,-0.8507459883047949,-0.556025073509052
JPR0425,Amber Villa,PG,Boys,26.826868,75.895892,Rs. 5800,0,0,0,0,5800.0,8.4,4.77,18.42,4.77,Jagatpura Education Belt,0,0.13125,0.0,-1.027957510720381,0.6270472232329507,-1.6687709770594055,-1.2554905267507386
JPR0426,Ivory Court,PG,Co-ed,26.860528,75.894355,7300 per month,1,0,0,0,7300.0,8.32,6.68,16.65,6.68,Jagatpura Education Belt,1,0.225,3.64,-0.6178898903596101,1.2898584933221269,-0.8507459883047949,-0.42884953655601804
JPR0427,Green Valley Heights,Hostel,Boys,26.814175,75.842265,17000,1,1,1,1,17000.0,4.26,0.73,15.12,0.73,Jagatpura Education Belt,4,0.83125,4.54,2.0338807213067094,-0.7749200705682383,1.6033289779590365,-0.22446028073864213
JPR0428,Elite Palace,Hostel,Girls,26.943154,75.870972,INR 16200/month,1,0,0,1,16200.0,12.61,14.32,13.74,12.61,MNIT Jaipur (JLN Marg),2,0.78125,2.41,1.8151779904476315,3.3476966250649616,-0.03272099955018445,-0.7081815195064318
JPR0429,Sunshine Enclave,Hostel,Boys,26.82499,75.809326,Rs. 11300,1,1,1,0,11300.0,1.95,4.11,12.08,1.95,MNIT Jaipur (JLN Marg),3,0.475,5.71,0.4756237639357795,-0.35155370956886933,0.785303989204426,0.041245751823946596
JPR0430,Sunshine Villa,Independent Flat,Boys,26.849349,75.817465,"₹5,600/month",0,0,0,1,5600.0,0.91,4.89,10.63,0.91,MNIT Jaipur (JLN Marg),1,0.11875,5.93,-1.0826331934351505,-0.7124561812404625,-0.8507459883047949,0.09120756991263844
JPR0431,Ivory Manor,PG,Co-ed,26.82117,75.860943,Rs. 19300,1,1,1,1,19300.0,5.3,1.29,15.95,1.29,Jagatpura Education Belt,4,0.975,3.9,2.6626510725265584,-0.5805879704373804,1.6033289779590365,-0.3698037515421095
JPR0432,Crimson Homes,PG,Co-ed,26.800617,75.874065,"₹10,800/month",0,0,1,1,10800.0,7.62,2.97,18.43,2.97,Jagatpura Education Belt,2,0.44375,4.05,0.3389345571488558,0.0024083299551933444,-0.03272099955018445,-0.33573887557254684
JPR0433,Maple Enclave,Independent Flat,Boys,26.789281,75.740409,Rs. 5100,0,0,0,0,5100.0,9.3,11.21,13.68,9.3,MNIT Jaipur (JLN Marg),0,0.0875,0.0,-1.2193224002220742,2.199055104648641,-1.6687709770594055,-1.2554905267507386
JPR0434,Elite Homes,Hostel,Girls,26.938499,75.769099,"₹4,800/month",0,0,0,0,4800.0,11.56,15.8,4.33,4.33,Vaishali Nagar Tech Corridor,0,0.06875,0.0,-1.3013359242942284,0.4743577159872768,-1.6687709770594055,-1.2554905267507386
JPR0435,Urban Villa,PG,Girls,26.951757,75.713463,"₹17,800/month",1,1,1,1,17800.0,15.68,20.26,4.96,4.96,Vaishali Nagar Tech Corridor,4,0.88125,4.3,2.2525834521657875,0.6929813286344919,1.6033289779590365,-0.2789640822899424
JPR0436,Maple Enclave,Hostel,Boys,26.830392,75.802567,Rs. 11200,0,0,0,0,11200.0,1.67,4.92,11.2,1.67,MNIT Jaipur (JLN Marg),0,0.46875,0.0,0.4482859225783947,-0.44871975963429833,-1.6687709770594055,-1.2554905267507386
JPR0437,Green Valley Enclave,Independent Flat,Boys,26.927129,75.769356,Rs. 12000,1,1,1,0,12000.0,10.39,14.71,3.62,3.62,Vaishali Nagar Tech Corridor,3,0.51875,5.27,0.6669886534374726,0.2279723747499391,0.785303989204426,-0.05867788435343729
JPR0438,Crimson Court,Hostel,Co-ed,26.829554,75.82348,"₹19,300/month",1,1,1,1,19300.0,1.75,2.99,12.59,1.75,MNIT Jaipur (JLN Marg),4,0.975,3.9,2.6626510725265584,-0.42095803104417573,1.6033289779590365,-0.3698037515421095
JPR0439,Zenith Villa,Hostel,Co-ed,26.839801,75.815954,10600,1,1,0,0,10600.0,0.4,4.26,11.25,0.4,MNIT Jaipur (JLN Marg),2,0.43125,4.16,0.2842588744340863,-0.8894372010024939,-0.03272099955018445,-0.3107579665282008
JPR0440,Crimson Point,Hostel,Co-ed,26.843769,75.813288,Rs. 11200,1,1,1,0,11200.0,0.18,4.74,10.75,0.18,MNIT Jaipur (JLN Marg),3,0.46875,5.78,0.4482859225783947,-0.9657819546253309,0.785303989204426,0.057142693943075897
JPR0441,Copper Leaf Enclave,PG,Co-ed,26.915483,75.735958,10800 per month,1,1,1,0,10800.0,11.17,15.8,0.36,0.36,Vaishali Nagar Tech Corridor,3,0.44375,6.08,0.3389345571488558,-0.9033180652975552,0.785303989204426,0.12527244588220118
JPR0442,Cozy Point,Hostel,Girls,26.870896,75.892481,INR 4400/month,1,0,1,0,4400.0,8.51,7.47,16.11,7.47,Jagatpura Education Belt,2,0.04375,21.33,-1.4106872897237674,1.564005563149587,-0.03272099955018445,3.588534836121071
JPR0443,Prime House,PG,Boys,26.810968,75.862632,"₹8,400/month",1,0,1,0,8400.0,6.03,1.42,16.82,1.42,Jagatpura Education Belt,2,0.29375,5.82,-0.3171736354283779,-0.5354751614784313,-0.03272099955018445,0.06622666086829261
JPR0444,Golden Nest Enclave,Independent Flat,Boys,26.897544,75.743411,"₹11,200/month",0,0,0,1,11200.0,9.25,13.9,1.77,1.77,Vaishali Nagar Tech Corridor,1,0.46875,1.93,0.4482859225783947,-0.4140175988966451,-0.8507459883047949,-0.8171891226090324
JPR0445,Crimson Manor,PG,Boys,26.910707,75.734617,INR 11300/month,0,0,1,0,11300.0,10.88,15.52,0.28,0.28,Vaishali Nagar Tech Corridor,1,0.475,1.9,0.4756237639357795,-0.9310797938876777,-0.8507459883047949,-0.8240020978029449
JPR0446,Prime Retreat,Hostel,Girls,26.797528,75.816309,13400,1,1,1,1,13400.0,4.98,3.86,15.0,3.86,Jagatpura Education Belt,4,0.60625,6.1,1.049718432440859,0.3112575605203067,1.6033289779590365,0.12981442934480944
JPR0447,Zenith Retreat,PG,Co-ed,26.893044,75.713445,INR 9200/month,1,1,1,1,9200.0,11.38,15.99,3.15,3.15,Vaishali Nagar Tech Corridor,4,0.34375,10.16,-0.09847090456930002,0.064872219282969,1.6033289779590365,1.0518370722543056
JPR0448,Prime Address,PG,Co-ed,26.816074,75.847832,Rs. 9800,1,0,1,1,9800.0,4.51,0.16,15.36,0.16,Jagatpura Education Belt,3,0.38125,6.96,0.0655561435750084,-0.9727223867728615,0.785303989204426,0.3251197182369687
JPR0449,Ivory Court,PG,Co-ed,26.925254,75.742359,INR 8900/month,1,0,1,1,8900.0,11.59,16.15,1.54,1.54,Vaishali Nagar Tech Corridor,3,0.325,8.0,-0.18048442864145423,-0.4938325685932474,0.785303989204426,0.5613028582926032
JPR0450,Ivory Nest,Independent Flat,Co-ed,27.023298,75.784088,"₹7,900/month",1,0,1,1,7900.0,20.34,23.96,13.2,13.2,Vaishali Nagar Tech Corridor,3,0.2625,9.6,-0.4538628422153016,3.5524393734171156,0.785303989204426,0.9246615353012715
JPR0451,Prime House,Independent Flat,Co-ed,26.868806,75.809931,INR 11700/month,1,1,0,0,11700.0,2.97,7.08,8.72,2.97,MNIT Jaipur (JLN Marg),2,0.5,3.64,0.5849751293653184,0.0024083299551933444,-0.03272099955018445,-0.42884953655601804
JPR0452,Comfort Retreat,PG,Boys,26.916157,75.742182,8400 per month,0,0,1,0,8400.0,10.81,15.42,0.68,0.68,Vaishali Nagar Tech Corridor,1,0.29375,2.91,-0.3171736354283779,-0.7922711509370649,-0.8507459883047949,-0.594631932941223
JPR0453,Prime Retreat,Independent Flat,Co-ed,26.814842,75.852485,,0,1,0,1,9100.0,4.96,0.32,15.78,0.32,Jagatpura Education Belt,2,0.3375,5.16,-0.12580874592668476,-0.9171989295926165,-0.03272099955018445,-0.08365879339778311
JPR0454,Golden Nest Nest,Hostel,Girls,26.77223,75.832275,INR 5500/month,1,0,0,0,5500.0,8.01,5.13,18.23,5.13,Jagatpura Education Belt,1,0.1125,6.15,-1.1099710347925353,0.7519750018885023,-0.8507459883047949,0.14116938800133047
JPR0455,Serene House,Hostel,Boys,26.814354,75.849304,"₹7,800/month",1,0,0,0,7800.0,4.75,0.16,15.59,0.16,Jagatpura Education Belt,1,0.25625,3.27,-0.48120068357268636,-0.9727223867728615,-0.8507459883047949,-0.5128762306142727
JPR0456,Highland Enclave,PG,Co-ed,26.865141,75.719339,Rs. 9100,0,0,1,0,9100.0,9.64,14.02,5.52,5.52,Vaishali Nagar Tech Corridor,1,0.3375,2.58,-0.12580874592668476,0.8873134287653497,-0.8507459883047949,-0.6695746600742608
JPR0457,Urban Nest,Independent Flat,Co-ed,26.904854,75.759432,"₹11,800/month",1,1,1,0,11800.0,8.76,13.33,2.39,2.39,Vaishali Nagar Tech Corridor,3,0.50625,5.39,0.6123129707227032,-0.19886420232319524,0.785303989204426,-0.03142598357778714
JPR0458,Sunshine Court,Hostel,Boys,26.890593,75.732624,17100,1,1,1,1,17100.0,9.62,14.26,2.45,2.45,Vaishali Nagar Tech Corridor,4,0.8375,4.51,2.061218562664094,-0.17804290588060329,1.6033289779590365,-0.2312732559325547
JPR0459,Prime Villa,Independent Flat,Boys,26.82432,75.859658,10100 per month,1,0,1,0,10100.0,5.04,1.39,15.63,1.39,Jagatpura Education Belt,2,0.4,4.44,0.14756966764716262,-0.5458858096997273,-0.03272099955018445,-0.2471701980516838
JPR0460,Urban Residency,Hostel,Girls,26.769192,75.866447,11500,0,0,1,0,11500.0,9.7,5.45,20.46,5.45,Jagatpura Education Belt,1,0.4875,1.86,0.530299446650549,0.8630219162489926,-0.8507459883047949,-0.8330860647281615
JPR0461,Sunshine Point,Hostel,Girls,26.909013,75.740838,11900 per month,1,0,0,1,11900.0,10.32,14.95,0.54,0.54,Vaishali Nagar Tech Corridor,2,0.5125,3.56,0.6396508120800879,-0.8408541759697794,-0.03272099955018445,-0.44701747040645146
JPR0462,Green Valley Enclave,Hostel,Co-ed,26.821437,75.837477,INR 9300/month,1,1,0,0,9300.0,3.35,1.34,14.21,1.34,Jagatpura Education Belt,2,0.35,5.0,-0.07113306321191529,-0.5632368900685538,-0.03272099955018445,-0.11999466109864998
JPR0463,Elite House,PG,Boys,26.845805,75.779855,Rs. 4100,1,0,0,0,4100.0,3.31,7.66,8.54,3.31,MNIT Jaipur (JLN Marg),1,0.025,13.33,-1.4927008137959217,0.12039567646321417,-0.8507459883047949,1.7717414510777296
JPR0464,Crimson Enclave,PG,Boys,26.815584,75.849541,INR 6600/month,1,0,1,0,6600.0,4.68,0.03,15.52,0.03,Jagatpura Education Belt,2,0.18125,8.65,-0.8092547798613032,-1.0178351957318108,-0.03272099955018445,0.7089173208273748
JPR0465,Highland Villa,PG,Boys,26.855896,75.684222,6200 per month,0,0,0,0,6200.0,12.87,16.98,8.16,8.16,Vaishali Nagar Tech Corridor,0,0.15625,0.0,-0.9186061452908422,1.8034504722393943,-1.6687709770594055,-1.2554905267507386
JPR0466,Highland Point,PG,Boys,26.842638,75.805422,10000 per month,1,1,1,1,10000.0,0.75,5.29,10.31,0.75,MNIT Jaipur (JLN Marg),4,0.39375,9.01,0.12023182628977788,-0.7679796384207077,1.6033289779590365,0.790673023154325
JPR0467,Sunshine Villa,Hostel,Boys,26.83896,75.812181,5700 per month,1,0,1,0,5700.0,0.37,4.5,11.06,0.37,MNIT Jaipur (JLN Marg),2,0.125,11.43,-1.055295352077766,-0.8998478492237898,-0.03272099955018445,1.3402530221299358
JPR0468,Maple Nest,Hostel,Co-ed,26.797344,75.682667,"₹4,100/month",1,1,1,0,4100.0,13.86,16.67,13.86,13.86,MNIT Jaipur (JLN Marg),3,0.025,40.0,-1.4927008137959217,3.7814736342856268,0.785303989204426,7.828476398465971
JPR0469,Ivory Stay,Independent Flat,Boys,26.918445,75.735747,Rs. 6300,1,0,1,0,6300.0,11.43,16.04,0.69,0.69,Vaishali Nagar Tech Corridor,2,0.1625,9.41,-0.8912683039334575,-0.7888009348632996,-0.03272099955018445,0.8815126924064922
JPR0470,Sunrise Villa,PG,Girls,26.926338,75.891107,INR 17200/month,1,0,1,1,17200.0,12.15,12.97,15.38,12.15,MNIT Jaipur (JLN Marg),3,0.84375,3.36,2.088556404021479,3.1880666856717568,0.785303989204426,-0.4924373050325351
JPR0471,Crimson Residency,Hostel,Boys,26.853828,75.823745,INR 5900/month,0,0,0,0,5900.0,1.68,4.94,10.8,1.68,MNIT Jaipur (JLN Marg),0,0.1375,0.0,-1.0006196693629963,-0.445249543560533,-1.6687709770594055,-1.2554905267507386
JPR0472,Serene Villa,PG,Boys,26.870551,75.779963,8100,0,0,1,0,8100.0,4.55,9.19,6.31,4.55,MNIT Jaipur (JLN Marg),1,0.275,3.08,-0.39918715950053213,0.5507024696101137,-0.8507459883047949,-0.556025073509052
JPR0473,Sunrise House,PG,Co-ed,26.849989,75.876534,6500 per month,0,0,0,0,6500.0,6.36,4.66,15.49,4.66,Jagatpura Education Belt,0,0.175,0.0,-0.8365926212186879,0.5888748464215323,-1.6687709770594055,-1.2554905267507386
JPR0474,Urban Address,PG,Girls,26.857413,75.713011,9000 per month,0,1,1,0,9000.0,10.06,14.3,6.54,6.54,Vaishali Nagar Tech Corridor,2,0.33125,5.25,-0.1531465872840695,1.2412754682894125,-0.03272099955018445,-0.06321986781604555
JPR0475,Urban Enclave,Hostel,Co-ed,26.911598,75.726916,7600 per month,1,1,0,0,7600.0,11.51,16.16,0.98,0.98,Vaishali Nagar Tech Corridor,2,0.24375,6.81,-0.5358763662874558,-0.6881646687241053,-0.03272099955018445,0.291054842267406
JPR0476,Blue Orchid Villa,PG,Girls,26.854724,75.762695,INR 4500/month,0,0,0,1,4500.0,5.18,9.63,6.9,5.18,MNIT Jaipur (JLN Marg),1,0.05,10.0,-1.3833494483663826,0.7693260822573288,-0.8507459883047949,1.0155012045534386
JPR0477,Zenith Villa,Hostel,Boys,26.831266,75.816192,8600,1,0,1,1,8600.0,1.26,3.72,11.97,1.26,MNIT Jaipur (JLN Marg),3,0.30625,8.42,-0.26249795271360843,-0.5909986186586764,0.785303989204426,0.6566845110073786
JPR0478,Crimson Point,PG,Girls,26.842763,75.825066,"₹4,600/month",0,0,1,0,4600.0,1.2,3.85,11.68,1.2,MNIT Jaipur (JLN Marg),1,0.05625,9.41,-1.356011607008998,-0.6118199151012683,-0.8507459883047949,0.8815126924064922
JPR0479,Copper Leaf Stay,Independent Flat,Boys,26.960174,75.853119,Rs. 6000,0,0,1,0,6000.0,13.71,16.06,12.7,12.7,Vaishali Nagar Tech Corridor,1,0.14375,5.16,-0.9732818280056116,3.3789285697288496,-0.8507459883047949,-0.08365879339778311
JPR0480,Ivory Residency,Hostel,Co-ed,26.838965,75.804148,"₹6,800/month",0,0,0,1,6800.0,0.95,5.18,10.54,0.95,MNIT Jaipur (JLN Marg),1,0.19375,4.1,-0.7545790971465337,-0.6985753169454012,-0.8507459883047949,-0.324383916916026
JPR0481,Copper Leaf Nest,Independent Flat,Boys,26.81542,75.863918,INR 4900/month,1,0,0,0,4900.0,5.86,1.44,16.58,1.44,Jagatpura Education Belt,1,0.075,8.0,-1.2739980829368438,-0.5285347293309006,-0.8507459883047949,0.5613028582926032
JPR0482,Green Valley Manor,Independent Flat,Girls,26.882397,75.824093,6000 per month,1,1,1,1,6000.0,4.6,7.82,9.27,4.6,MNIT Jaipur (JLN Marg),4,0.14375,20.65,-0.9732818280056116,0.5680535499789403,1.6033289779590365,3.434107398392387
JPR0483,Serene Manor,Independent Flat,Boys,26.765063,75.863436,Rs. 4200,0,0,0,0,4200.0,9.93,5.81,20.64,5.81,Jagatpura Education Belt,0,0.03125,0.0,-1.4653629724385369,0.987949694904544,-1.6687709770594055,-1.2554905267507386
JPR0484,Comfort Manor,Independent Flat,Girls,26.899986,75.715233,INR 17800/month,1,1,1,0,17800.0,11.63,16.27,2.54,2.54,Vaishali Nagar Tech Corridor,3,0.88125,3.22,2.2525834521657875,-0.14681096121671547,0.785303989204426,-0.5242311892707935
JPR0485,Royal Address,Hostel,Co-ed,26.879116,75.693685,INR 9300/month,0,0,0,1,9300.0,12.53,16.98,5.65,5.65,Vaishali Nagar Tech Corridor,1,0.35,2.5,-0.07113306321191529,0.9324262377242991,-0.8507459883047949,-0.6877425939246943
JPR0486,Green Valley Stay,PG,Girls,26.885065,75.694663,INR 8800/month,1,1,1,0,8800.0,12.67,17.17,5.16,5.16,Vaishali Nagar Tech Corridor,3,0.31875,8.14,-0.20782226999883896,0.7623856501097983,0.785303989204426,0.5930967425308618
JPR0487,Highland House,PG,Girls,26.825459,75.864329,Rs. 7300,1,0,0,0,7300.0,5.42,1.83,15.91,1.83,Jagatpura Education Belt,1,0.225,3.64,-0.6178898903596101,-0.3931963024540531,-0.8507459883047949,-0.42884953655601804
JPR0488,Copper Leaf House,PG,Co-ed,26.81217,75.81041,Rs. 18800,1,1,1,1,18800.0,3.35,3.89,13.31,3.35,MNIT Jaipur (JLN Marg),4,0.94375,4.03,2.5259618657396348,0.13427654075827547,1.6033289779590365,-0.3402808590351551
JPR0489,Urban Nest,Hostel,Girls,26.89965,75.689168,6800,0,0,0,0,6800.0,13.84,18.43,4.93,4.93,Vaishali Nagar Tech Corridor,0,0.19375,0.0,-0.7545790971465337,0.6825706804131958,-1.6687709770594055,-1.2554905267507386
JPR0490,Elite Stay,Hostel,Boys,26.768654,75.837591,5800,0,0,0,0,5800.0,8.53,5.37,18.84,5.37,Jagatpura Education Belt,0,0.13125,0.0,-1.027957510720381,0.83526018765887,-1.6687709770594055,-1.2554905267507386
JPR0491,Serene Enclave,Independent Flat,Boys,26.817319,75.850217,"₹9,900/month",1,1,1,1,9900.0,4.61,0.19,15.43,0.19,Jagatpura Education Belt,4,0.3875,9.14,0.09289398493239313,-0.9623117385515656,1.6033289779590365,0.8201959156612795
JPR0492,Amber Manor,Independent Flat,Girls,26.816064,75.849317,Rs. 7700,1,1,0,1,7700.0,4.63,0.03,15.46,0.03,Jagatpura Education Belt,3,0.25,10.0,-0.5085385249300711,-1.0178351957318108,0.785303989204426,1.0155012045534386
JPR0493,Amber Heights,PG,Girls,26.894099,75.76372,,1,0,0,0,9100.0,7.56,12.17,3.35,3.35,Vaishali Nagar Tech Corridor,1,0.3375,2.58,-0.12580874592668476,0.13427654075827547,-0.8507459883047949,-0.6695746600742608
JPR0494,Blue Orchid Nest,Hostel,Boys,26.837556,75.820193,Rs. 9200,0,0,1,0,9200.0,0.88,3.78,11.73,0.88,MNIT Jaipur (JLN Marg),1,0.34375,2.54,-0.09847090456930002,-0.7228668294617586,-0.8507459883047949,-0.6786586269994775
JPR0495,Silver Oak Nest,Independent Flat,Boys,26.824462,75.781069,15600,1,1,1,1,15600.0,3.73,6.85,10.71,3.73,MNIT Jaipur (JLN Marg),4,0.74375,5.04,1.6511509423033233,0.2661447515613576,1.6033289779590365,-0.11091069417343326
JPR0496,Maple Nest,PG,Co-ed,26.914417,75.741396,,1,0,1,0,9100.0,10.72,15.33,0.51,0.51,Vaishali Nagar Tech Corridor,2,0.3375,5.16,-0.12580874592668476,-0.8512648241910754,-0.03272099955018445,-0.08365879339778311
JPR0497,Royal Address,Hostel,Boys,26.814554,75.84719,9400 per month,1,1,1,0,9400.0,4.58,0.26,15.43,0.26,Jagatpura Education Belt,3,0.35625,7.38,-0.043795221854530546,-0.9380202260352084,0.785303989204426,0.42050137095174417
JPR0498,Ivory Manor,PG,Girls,26.909227,75.773147,14200,1,0,1,1,14200.0,8.44,12.85,3.62,3.62,Vaishali Nagar Tech Corridor,3,0.65625,4.25,1.268421163299937,0.2279723747499391,0.785303989204426,-0.29031904094646327
JPR0499,Urban Heights,Hostel,Boys,26.754608,75.698078,Rs. 7200,1,0,1,0,7200.0,15.0,16.49,17.95,15.0,MNIT Jaipur (JLN Marg),2,0.21875,7.44,-0.6452277317169948,4.177078266694873,-0.03272099955018445,0.4341273213395693
JPR0500,Urban Homes,PG,Co-ed,26.962929,75.744998,4800,1,1,0,0,4800.0,15.02,19.36,5.69,5.69,Vaishali Nagar Tech Corridor,2,0.06875,16.84,-1.3013359242942284,0.9463071020193604,-0.03272099955018445,2.568859548765496
